0_,1_Symbol,2_Company Name,3_,4_High,5_Offer Shares,6_Offer Price,7_Close Price,8_Bid Price,9_Bid Shares,10_Low,11_Shares,12_Prev Close,13_Chg,14_%,15_Trades,16_Avg Price,17_52 Week High,18_52 Week Low,19_Riyal,Timestamp
,ORDS,Ooredoo,+,9.787,"45,000",9.55,9.5,9.5,"283,315",9.256,"2,520,682",9.3,0.2,2.15,690,9.509,10.69,7.001,"23,968,646",2023-03-04 18:28:02.527389+00:00
,UDCD,United Dev,+,1.189,"15,000",1.179,1.172,1.172,"25,000",1.145,"2,806,445",1.14,0.032,2.81,154,1.166,1.694,1.114,"3,271,591",2023-03-04 18:28:02.527389+00:00
,DHBK,Doha B,+,1.738,"10,000",1.7,1.698,1.698,"64,899",1.65,"8,761,765",1.66,0.038,2.29,323,1.695,2.85,1.58,"14,852,827",2023-03-04 18:28:02.527389+00:00
,MKDM,Mekdam Holding Group,=,7.4,"9,390",7.4,7.4,7.395,"10,000",7.393,"180,742",7.4,0.0,0.0,86,7.4,8.684,5.9,"1,337,465",2023-03-04 18:28:02.527389+00:00
,IQCD,Industries Qatar,+,14.23,"8,500",14.1,14.1,14.08,"1,100",13.96,"4,826,169",13.95,0.15,1.07,"1,687",14.09,20.35,12.7,"68,006,533",2023-03-04 18:28:02.527389+00:00
,MARK,Rayyan B,+,2.745,"10,172",2.73,2.73,2.725,"209,143",2.7,"21,580,233",2.7,0.03,1.11,"1,812",2.723,5.98,2.582,"58,762,215",2023-03-04 18:28:02.527389+00:00
,IGRD,Estithmar,+,1.95,"117,057",1.924,1.924,1.919,"69,943",1.919,"11,068,542",1.919,0.005,0.26,847,1.932,2.765,1.423,"21,384,721",2023-03-04 18:28:02.527389+00:00
,QAMC,QAMCO,+,1.76,"129,451",1.759,1.759,1.751,"20,000",1.716,"11,430,410",1.715,0.044,2.57,694,1.741,2.819,1.46,"19,899,798",2023-03-04 18:28:02.527389+00:00
,QNBK,QNB,-,16.65,893,16.4,16.21,16.21,"226,827",16.21,"3,474,235",16.59,-0.38,2.29,"1,970",16.48,27.0,15.54,"57,245,722",2023-03-04 18:28:02.527389+00:00
,QIBK,QIB,+,18.92,"36,005",18.79,18.6,18.6,"113,285",18.45,"2,309,153",18.55,0.05,0.27,"1,164",18.63,28.0,17.9,"43,018,471",2023-03-04 18:28:02.527389+00:00
,GISS,Gulf Inter,+,1.888,"154,828",1.884,1.884,1.875,"10,381",1.829,"4,944,236",1.833,0.051,2.78,253,1.863,2.348,1.449,"9,213,385",2023-03-04 18:28:02.527389+00:00
,QGMD,Qatar German Med,+,1.054,"204,099",1.044,1.044,1.04,376,1.025,"3,676,551",1.034,0.01,0.97,123,1.043,2.679,0.867,"3,834,712",2023-03-04 18:28:02.527389+00:00
,ERES,Ezdan,+,0.941,"200,000",0.944,0.941,0.941,"240,480",0.896,"7,952,968",0.9,0.041,4.56,244,0.928,1.529,0.78,"7,382,613",2023-03-04 18:28:02.527389+00:00
,MRDS,Mazaya,+,0.574,"22,731",0.572,0.568,0.568,"1,131,794",0.56,"6,250,160",0.564,0.004,0.71,135,0.567,1.003,0.522,"3,544,426",2023-03-04 18:28:02.527389+00:00
,DUBK,Dukhan Bank,+,2.997,"55,812",2.97,2.97,2.965,"35,000",2.928,"6,152,234",2.93,0.04,1.36,394,2.954,4.0,2.84,"18,175,972",2023-03-04 18:28:02.527389+00:00
,MCCS,Mannai,-,5.999,"8,470",5.79,5.74,5.74,"145,820",5.592,"4,900,285",6.213,-0.473,7.61,769,5.723,14.79,5.592,"28,046,313",2023-03-04 18:28:02.527389+00:00
,QFBQ,Lesha Bank,+,0.885,"36,900",0.883,0.876,0.876,"584,807",0.861,"4,920,954",0.868,0.008,0.92,135,0.87,1.94,0.803,"4,281,705",2023-03-04 18:28:02.527389+00:00
,QIGD,Investors,+,2.008,"10,000",1.999,1.996,1.996,"140,143",1.979,"2,230,848",1.988,0.008,0.4,130,1.99,2.7,1.575,"4,439,902",2023-03-04 18:28:02.527389+00:00
,QFLS,Qatar Fuel,+,17.03,"4,208",16.53,16.53,16.5,800,16.33,"884,844",16.28,0.25,1.54,462,16.73,20.08,16.05,"14,807,165",2023-03-04 18:28:02.527389+00:00
,SIIS,Salam,+,0.524,"905,620",0.525,0.521,0.521,"10,578",0.515,"2,725,862",0.517,0.004,0.77,117,0.52,1.154,0.481,"1,417,064",2023-03-04 18:28:02.527389+00:00
,BRES,Barwa,=,2.855,"48,634",2.83,2.821,2.821,"8,001",2.807,"4,218,981",2.821,0.0,0.0,411,2.827,3.968,2.6,"11,927,048",2023-03-04 18:28:02.527389+00:00
,MPHC,Mesaied,+,2.155,"613,831",2.136,2.13,2.13,"51,997",2.116,"3,007,131",2.122,0.008,0.38,268,2.132,3.127,1.995,"6,412,166",2023-03-04 18:28:02.527389+00:00
,VFQS,Vodafone,+,1.62,"1,055,889",1.614,1.614,1.591,"100,000",1.575,"4,129,624",1.582,0.032,2.02,310,1.586,1.796,1.5,"6,551,353",2023-03-04 18:28:02.527389+00:00
,QIIK,QIIB,+,10.8,"7,073",10.76,10.74,10.74,271,10.48,"932,165",10.51,0.23,2.19,388,10.7,14.39,9.55,"9,969,193",2023-03-04 18:28:02.527389+00:00
,NLCS,Nat.leasing,+,0.686,"11,185",0.68,0.68,0.678,"3,037,000",0.66,"7,757,670",0.668,0.012,1.8,198,0.674,1.021,0.64,"5,227,233",2023-03-04 18:28:02.527389+00:00
,IHGS,Inma,-,3.159,"14,641",3.11,3.072,3.072,"1,000",3.06,"254,309",3.13,-0.058,1.85,42,3.087,6.68,2.8,"785,052",2023-03-04 18:28:02.527389+00:00
,CBQK,Commercial B,+,6.202,"157,439",6.2,6.2,6.15,"67,653",5.868,"1,639,440",6.15,0.05,0.81,475,6.18,8.699,4.8,"10,132,027",2023-03-04 18:28:02.527389+00:00
,DBIS,Dlala,+,0.835,"15,000",0.827,0.814,0.814,"98,651",0.814,"1,086,166",0.812,0.002,0.25,46,0.826,2.027,0.735,"896,883",2023-03-04 18:28:02.527389+00:00
,QNCD,Q Cement,+,4.369,"2,204",4.367,4.35,4.35,"12,365",4.2,"193,166",4.332,0.018,0.41,41,4.286,5.71,4.17,"827,876",2023-03-04 18:28:02.527389+00:00
,BLDN,Baladna,+,1.367,"148,413",1.364,1.364,1.355,"10,000",1.34,"2,610,888",1.358,0.006,0.44,179,1.357,1.87,1.27,"3,542,834",2023-03-04 18:28:02.527389+00:00
,AKHI,Khaleej Ins,+,2.045,"10,000",2.023,2.023,2.011,"20,000",1.98,"849,168",2.0,0.023,1.15,93,2.002,4.24,1.71,"1,699,919",2023-03-04 18:28:02.527389+00:00
,QGTS,Nakilat,=,3.69,"34,013",3.661,3.661,3.628,"18,000",3.568,"1,474,830",3.661,0.0,0.0,486,3.663,4.23,3.315,"5,401,939",2023-03-04 18:28:02.527389+00:00
,GWCS,Warehousing,+,3.645,"2,197",3.635,3.603,3.603,822,3.585,"76,075",3.521,0.082,2.33,22,3.588,5.006,2.9,"272,921",2023-03-04 18:28:02.527389+00:00
,QEWS,Electricity &Water,+,17.95,"4,183",17.76,17.75,17.6,"18,000",17.51,"564,881",17.51,0.24,1.37,373,17.77,20.0,16.76,"10,035,088",2023-03-04 18:28:02.527389+00:00
,QATI,Qatar Ins,=,1.8,"1,580,696",1.73,1.73,1.72,"5,320",1.72,"8,656,435",1.73,0.0,0.0,152,1.768,2.59,1.5,"15,301,447",2023-03-04 18:28:02.527389+00:00
,QNNS,MILAHA,-,9.1,"5,405",9.096,8.918,8.918,"25,000",8.918,"253,964",8.92,-0.002,0.02,157,8.983,12.66,7.755,"2,281,416",2023-03-04 18:28:02.527389+00:00
,MCGS,Medicare,-,5.99,"19,615",5.99,5.9,5.9,"5,381",5.753,"10,914",5.99,-0.09,1.5,14,5.893,7.825,5.505,"64,320",2023-03-04 18:28:02.527389+00:00
,BEMA,Beema,+,4.0,"10,000",3.999,3.705,3.705,731,3.705,"33,280",3.7,0.005,0.14,11,3.892,5.6,3.622,"129,541",2023-03-04 18:28:02.527389+00:00
,MERS,Al Meera,+,16.0,"12,355",16.0,16.0,15.95,"2,242",15.9,"155,475",15.9,0.1,0.63,109,15.99,20.8,15.5,"2,485,797",2023-03-04 18:28:02.527389+00:00
,WDAM,Widam,-,1.4,"15,097",1.399,1.399,1.366,"4,946",1.307,"392,495",1.4,-0.001,0.07,43,1.364,3.405,1.302,"535,361",2023-03-04 18:28:02.527389+00:00
,QIMD,Ind.Manf Co,+,3.024,"2,849",3.0,3.023,2.95,"22,154",2.95,154,2.95,0.073,2.47,3,2.976,4.149,2.823,458,2023-03-04 18:28:02.527389+00:00
,QOIS,Qatar&Oman,+,0.56,"17,832",0.551,0.551,0.55,"39,940",0.544,"355,765",0.543,0.008,1.47,28,0.553,0.954,0.527,"196,830",2023-03-04 18:28:02.527389+00:00
,FALH,Al Faleh Education,-,1.149,"306,999",1.114,1.114,1.077,"3,121",1.046,"833,664",1.154,-0.04,3.47,51,1.097,1.718,1.006,"914,186",2023-03-04 18:28:02.527389+00:00
,AHCS,Aamal,-,0.969,"10,000",0.952,0.952,0.951,"11,480",0.95,"1,057,621",0.961,-0.009,0.94,65,0.954,1.33,0.872,"1,009,485",2023-03-04 18:28:02.527389+00:00
,DOHI,Doha Ins,=,2.1,"9,500",2.1,2.1,2.063,"1,991",2.061,"49,437",2.1,0.0,0.0,10,2.1,2.528,1.849,"103,815",2023-03-04 18:28:02.527389+00:00
,QISI,Islamic Ins,=,8.6,"4,056",8.85,8.6,8.6,"9,960",8.6,"4,810",8.6,0.0,0.0,3,8.6,9.475,7.97,"41,366",2023-03-04 18:28:02.527389+00:00
,ZHCD,Zad,+,14.65,500,14.65,14.42,14.55,273,14.34,"26,079",13.96,0.46,3.29,12,14.55,20.95,13.4,"379,466",2023-03-04 18:28:02.527389+00:00
,QLMI,QLM,+,3.65,"1,500",3.637,3.637,3.62,787,3.62,"20,103",3.622,0.015,0.41,9,3.637,6.64,3.541,"73,121",2023-03-04 18:28:02.527389+00:00
,QGRI,General Ins,-,1.018,"11,297",0.99,0.99,0.956,"5,660",0.954,"64,035",1.028,-0.038,3.7,11,0.959,2.199,0.882,"61,411",2023-03-04 18:28:02.527389+00:00
,QETF,QETF,+,10.502,"2,433",10.494,10.5,10.476,"2,267",10.384,"31,571",10.384,0.116,1.12,21,10.47,14.5,10.213,"330,560",2023-03-04 18:28:02.527389+00:00
,QATR,QATR,+,2.377,"41,981",2.382,2.377,2.381,"83,998",2.36,"13,500",2.345,0.032,1.36,3,2.366,3.194,2.092,"31,945",2023-03-04 18:28:02.527389+00:00
,ABQK,Ahli B,=,0.0,"2,800",4.12,3.9,3.901,"5,000",0.0,0,3.9,0.0,0.0,0,0.0,4.42,3.85,0,2023-03-04 18:28:02.527389+00:00
,QCFS,Cinema,=,0.0,"9,281",3.4,3.4,3.06,"3,554",0.0,0,3.4,0.0,0.0,0,0.0,3.79,2.79,0,2023-03-04 18:28:02.527389+00:00
,ORDS,Ooredoo,+,10.03,"1,895",9.82,9.82,9.804,500,9.555,"2,290,869",9.5,0.32,3.37,938,9.834,10.69,7.001,"22,529,174",2023-03-06 16:59:26.000998+00:00
,UDCD,United Dev,+,1.192,"19,889",1.187,1.18,1.18,"5,869",1.166,"2,041,730",1.172,0.008,0.68,184,1.179,1.694,1.114,"2,408,105",2023-03-06 16:59:26.000998+00:00
,DHBK,Doha B,+,1.745,"27,491",1.717,1.714,1.714,"29,119",1.699,"4,352,501",1.698,0.016,0.94,346,1.729,2.85,1.58,"7,524,549",2023-03-06 16:59:26.000998+00:00
,MKDM,Mekdam Holding Group,-,7.5,"8,158",7.4,7.39,7.39,"1,752",7.304,"173,857",7.4,-0.01,0.14,92,7.443,8.684,5.9,"1,294,039",2023-03-06 16:59:26.000998+00:00
,IQCD,Industries Qatar,+,14.42,"3,879",14.3,14.3,14.29,"15,606",14.18,"4,284,269",14.1,0.2,1.42,"1,327",14.31,20.35,12.7,"61,330,533",2023-03-06 16:59:26.000998+00:00
,MARK,Rayyan B,+,2.771,"53,066",2.758,2.758,2.756,"21,360",2.736,"7,038,958",2.73,0.028,1.03,628,2.753,5.98,2.582,"19,380,865",2023-03-06 16:59:26.000998+00:00
,IGRD,Estithmar,-,1.931,"149,703",1.904,1.904,1.901,"10,000",1.892,"11,158,533",1.924,-0.02,1.04,639,1.907,2.765,1.423,"21,274,870",2023-03-06 16:59:26.000998+00:00
,QAMC,QAMCO,+,1.787,"365,977",1.779,1.779,1.771,"6,257",1.754,"10,256,536",1.759,0.02,1.14,800,1.776,2.819,1.46,"18,218,658",2023-03-06 16:59:26.000998+00:00
,QNBK,QNB,+,16.51,"6,372",16.3,16.3,16.26,"1,500",16.2,"4,386,906",16.21,0.09,0.56,"2,159",16.36,27.0,15.54,"71,788,185",2023-03-06 16:59:26.000998+00:00
,QIBK,QIB,+,18.73,"12,460",18.61,18.61,18.55,"2,850",18.52,"1,376,500",18.6,0.01,0.05,896,18.58,28.0,17.9,"25,578,303",2023-03-06 16:59:26.000998+00:00
,GISS,Gulf Inter,+,1.935,"262,715",1.935,1.935,1.925,"80,000",1.89,"6,562,123",1.884,0.051,2.71,360,1.911,2.348,1.449,"12,542,984",2023-03-06 16:59:26.000998+00:00
,QGMD,Qatar German Med,+,1.08,"36,661",1.054,1.046,1.046,"15,370",1.042,"8,625,788",1.044,0.002,0.19,237,1.055,2.679,0.867,"9,101,193",2023-03-06 16:59:26.000998+00:00
,ERES,Ezdan,+,0.988,"14,000",0.97,0.967,0.967,"104,531",0.937,"8,040,743",0.941,0.026,2.76,305,0.965,1.529,0.78,"7,760,068",2023-03-06 16:59:26.000998+00:00
,MRDS,Mazaya,+,0.607,"28,820",0.602,0.6,0.6,"2,028,903",0.576,"19,651,457",0.568,0.032,5.63,361,0.596,1.003,0.522,"11,707,748",2023-03-06 16:59:26.000998+00:00
,DUBK,Dukhan Bank,+,3.065,"281,759",3.056,3.056,3.015,"88,302",2.955,"4,477,677",2.97,0.086,2.9,401,3.0,4.0,2.84,"13,432,106",2023-03-06 16:59:26.000998+00:00
,MCCS,Mannai,+,6.291,"10,000",6.25,6.216,6.216,"168,582",5.755,"1,655,164",5.74,0.476,8.29,393,6.103,14.79,5.592,"10,101,881",2023-03-06 16:59:26.000998+00:00
,QFBQ,Lesha Bank,+,0.954,"78,500",0.94,0.94,0.931,"25,000",0.879,"8,222,642",0.876,0.064,7.31,221,0.917,1.94,0.803,"7,536,755",2023-03-06 16:59:26.000998+00:00
,QIGD,Investors,+,2.047,"57,190",2.035,2.035,2.031,"29,000",2.005,"2,470,275",1.996,0.039,1.95,172,2.032,2.7,1.575,"5,019,578",2023-03-06 16:59:26.000998+00:00
,QFLS,Qatar Fuel,+,16.75,"5,071",16.72,16.61,16.61,"32,739",16.5,"275,387",16.53,0.08,0.48,217,16.65,20.08,16.05,"4,586,055",2023-03-06 16:59:26.000998+00:00
,SIIS,Salam,+,0.549,"5,500",0.549,0.549,0.545,"2,479",0.522,"7,136,413",0.521,0.028,5.37,197,0.541,1.154,0.481,"3,861,486",2023-03-06 16:59:26.000998+00:00
,BRES,Barwa,+,2.907,"115,794",2.907,2.907,2.881,"8,088",2.823,"1,940,273",2.821,0.086,3.05,360,2.881,3.968,2.6,"5,590,588",2023-03-06 16:59:26.000998+00:00
,MPHC,Mesaied,+,2.218,"66,359",2.217,2.21,2.21,"447,790",2.12,"5,981,521",2.13,0.08,3.76,580,2.197,3.127,1.995,"13,142,553",2023-03-06 16:59:26.000998+00:00
,VFQS,Vodafone,+,1.619,"144,109",1.619,1.619,1.608,"16,269",1.601,"1,114,755",1.614,0.005,0.31,159,1.611,1.796,1.5,"1,795,962",2023-03-06 16:59:26.000998+00:00
,QIIK,QIIB,-,10.8,"2,732",10.79,10.73,10.73,"3,277",10.67,"714,607",10.74,-0.01,0.09,278,10.73,14.39,9.55,"7,665,317",2023-03-06 16:59:26.000998+00:00
,NLCS,Nat.leasing,+,0.708,"20,816",0.703,0.7,0.7,"138,175",0.669,"10,328,661",0.68,0.02,2.94,250,0.696,1.021,0.64,"7,188,677",2023-03-06 16:59:26.000998+00:00
,IHGS,Inma,+,3.15,"2,607",3.127,3.126,3.104,"5,000",3.09,"608,264",3.072,0.054,1.76,70,3.111,6.68,2.8,"1,892,341",2023-03-06 16:59:26.000998+00:00
,CBQK,Commercial B,-,6.22,"237,808",6.2,6.16,6.16,"266,262",6.16,"1,463,167",6.2,-0.04,0.65,599,6.193,8.699,4.8,"9,061,008",2023-03-06 16:59:26.000998+00:00
,DBIS,Dlala,+,0.835,"19,823",0.835,0.83,0.83,"91,781",0.818,"227,867",0.814,0.016,1.97,21,0.832,2.027,0.735,"189,690",2023-03-06 16:59:26.000998+00:00
,QNCD,Q Cement,+,4.439,"14,256",4.399,4.399,4.305,500,4.35,"85,900",4.35,0.049,1.13,26,4.398,5.71,4.17,"377,758",2023-03-06 16:59:26.000998+00:00
,BLDN,Baladna,+,1.39,"28,951",1.38,1.369,1.369,"10,339",1.355,"1,434,096",1.364,0.005,0.37,98,1.374,1.87,1.27,"1,969,872",2023-03-06 16:59:26.000998+00:00
,AKHI,Khaleej Ins,=,2.098,507,2.059,2.023,2.023,"114,837",2.023,"908,635",2.023,0.0,0.0,75,2.061,4.24,1.71,"1,872,525",2023-03-06 16:59:26.000998+00:00
,QGTS,Nakilat,-,3.724,"15,342",3.706,3.63,3.63,"188,665",3.617,"2,573,646",3.661,-0.031,0.85,443,3.664,4.23,3.315,"9,430,395",2023-03-06 16:59:26.000998+00:00
,GWCS,Warehousing,+,3.74,"31,900",3.733,3.652,3.652,"7,908",3.603,"37,079",3.603,0.049,1.36,25,3.687,5.006,2.9,"136,719",2023-03-06 16:59:26.000998+00:00
,QEWS,Electricity &Water,-,17.82,406,17.76,17.65,17.65,"7,532",17.62,"176,039",17.75,-0.1,0.56,211,17.71,20.0,16.76,"3,118,493",2023-03-06 16:59:26.000998+00:00
,QATI,Qatar Ins,-,1.759,"17,958",1.7,1.7,1.699,"21,623",1.699,"922,147",1.73,-0.03,1.73,63,1.705,2.59,1.5,"1,572,487",2023-03-06 16:59:26.000998+00:00
,QNNS,MILAHA,+,9.09,816,9.09,9.013,9.013,"4,473",8.9,"190,045",8.918,0.095,1.06,149,9.009,12.66,7.755,"1,712,132",2023-03-06 16:59:26.000998+00:00
,MCGS,Medicare,+,6.146,"5,537",6.07,6.07,6.001,"10,000",5.804,"246,596",5.9,0.17,2.88,56,6.015,7.825,5.505,"1,483,283",2023-03-06 16:59:26.000998+00:00
,BEMA,Beema,-,3.999,"8,061",4.075,3.65,3.801,304,3.6,"2,500",3.705,-0.055,1.48,5,3.665,5.6,3.6,"9,163",2023-03-06 16:59:26.000998+00:00
,MERS,Al Meera,=,16.0,"13,828",16.0,16.0,15.9,"100,600",15.89,"38,332",16.0,0.0,0.0,32,15.95,20.8,15.5,"611,396",2023-03-06 16:59:26.000998+00:00
,WDAM,Widam,+,1.429,"6,863",1.424,1.412,1.412,"27,490",1.371,"944,782",1.399,0.013,0.93,42,1.411,3.405,1.302,"1,333,184",2023-03-06 16:59:26.000998+00:00
,QIMD,Ind.Manf Co,-,3.023,"21,530",3.02,3.0,2.982,"25,000",2.998,"701,348",3.023,-0.023,0.76,26,3.004,4.149,2.823,"2,107,014",2023-03-06 16:59:26.000998+00:00
,QOIS,Qatar&Oman,+,0.562,"31,197",0.562,0.553,0.553,"122,268",0.552,"376,368",0.551,0.002,0.36,29,0.559,0.954,0.527,"210,314",2023-03-06 16:59:26.000998+00:00
,FALH,Al Faleh Education,-,1.139,"7,070",1.13,1.058,1.058,"7,744",1.027,"70,616",1.114,-0.056,5.03,27,1.086,1.718,1.006,"76,684",2023-03-06 16:59:26.000998+00:00
,AHCS,Aamal,+,0.976,"81,305",0.96,0.96,0.955,"12,751",0.951,"1,000,547",0.952,0.008,0.84,82,0.957,1.33,0.872,"957,853",2023-03-06 16:59:26.000998+00:00
,DOHI,Doha Ins,-,2.1,"9,500",2.1,2.099,2.095,"2,400",2.099,"53,316",2.1,-0.001,0.05,5,2.1,2.528,1.849,"111,960",2023-03-06 16:59:26.000998+00:00
,QISI,Islamic Ins,+,8.698,"5,750",8.698,8.698,8.401,"30,000",8.4,"55,600",8.6,0.098,1.14,11,8.446,9.475,7.97,"469,623",2023-03-06 16:59:26.000998+00:00
,ZHCD,Zad,-,14.42,"2,795",14.54,14.0,14.01,"2,000",14.0,"26,079",14.42,-0.42,2.91,10,14.06,20.95,13.4,"366,730",2023-03-06 16:59:26.000998+00:00
,QLMI,QLM,=,0.0,200,3.65,3.637,3.6,"5,769",0.0,0,3.637,0.0,0.0,0,0.0,6.64,3.541,0,2023-03-06 16:59:26.000998+00:00
,QGRI,General Ins,+,1.037,"13,367",1.02,1.02,0.931,"32,138",0.9,"139,169",0.99,0.03,3.03,23,0.945,2.199,0.882,"131,570",2023-03-06 16:59:26.000998+00:00
,QETF,QETF,+,10.55,"1,890",10.549,10.546,10.532,"2,076",10.5,"15,721",10.5,0.046,0.44,12,10.533,14.5,10.213,"165,595",2023-03-06 16:59:26.000998+00:00
,QATR,QATR,+,2.48,"41,649",2.401,2.402,2.4,"41,666",2.377,"15,648",2.377,0.025,1.05,14,2.417,3.194,2.092,"37,826",2023-03-06 16:59:26.000998+00:00
,ABQK,Ahli B,=,3.9,"8,472",4.2,3.9,3.901,"3,000",3.9,323,3.9,0.0,0.0,1,3.9,4.42,3.85,"1,259",2023-03-06 16:59:26.000998+00:00
,QCFS,Cinema,-,3.23,"5,806",3.2,3.23,3.102,"3,520",3.23,"1,025",3.4,-0.17,5.0,2,3.23,3.79,2.79,"3,310",2023-03-06 16:59:26.000998+00:00
,ORDS,Ooredoo,-,9.89,"12,489",9.725,9.501,9.501,"216,089",9.361,"584,948",9.82,-0.319,3.25,351,9.745,10.69,7.001,"5,700,258",2023-03-07 17:21:30.118458+00:00
,UDCD,United Dev,-,1.143,"17,952",1.136,1.128,1.128,"395,192",1.12,"8,205,117",1.18,-0.052,4.41,409,1.13,1.694,1.114,"9,273,509",2023-03-07 17:21:30.118458+00:00
,DHBK,Doha B,-,1.743,"28,621",1.712,1.704,1.704,"106,011",1.702,"5,490,567",1.714,-0.01,0.58,331,1.715,2.85,1.58,"9,418,904",2023-03-07 17:21:30.118458+00:00
,MKDM,Mekdam Holding Group,+,7.468,"8,368",7.4,7.4,7.326,"1,514",7.301,"389,797",7.39,0.01,0.14,171,7.402,8.684,5.9,"2,885,301",2023-03-07 17:21:30.118458+00:00
,IQCD,Industries Qatar,+,14.43,"208,604",14.32,14.32,14.28,"5,000",14.25,"4,637,913",14.3,0.02,0.14,"1,695",14.32,20.35,12.7,"66,420,342",2023-03-07 17:21:30.118458+00:00
,MARK,Rayyan B,+,2.775,"54,326",2.767,2.767,2.759,"9,310",2.759,"8,629,677",2.758,0.009,0.33,694,2.766,5.98,2.582,"23,865,429",2023-03-07 17:21:30.118458+00:00
,IGRD,Estithmar,-,1.922,"430,713",1.9,1.9,1.88,"82,889",1.876,"12,734,139",1.904,-0.004,0.21,652,1.901,2.765,1.423,"24,203,151",2023-03-07 17:21:30.118458+00:00
,QAMC,QAMCO,-,1.794,"10,000",1.765,1.764,1.764,"897,859",1.755,"8,698,338",1.779,-0.015,0.84,542,1.774,2.819,1.46,"15,430,669",2023-03-07 17:21:30.118458+00:00
,QNBK,QNB,+,16.68,"15,168",16.63,16.6,16.6,"201,007",16.28,"3,206,772",16.3,0.3,1.84,"1,658",16.48,27.0,15.54,"52,839,881",2023-03-07 17:21:30.118458+00:00
,QIBK,QIB,+,18.71,"23,657",18.64,18.64,18.6,"5,447",18.55,"1,226,285",18.61,0.03,0.16,683,18.62,28.0,17.9,"22,829,698",2023-03-07 17:21:30.118458+00:00
,GISS,Gulf Inter,-,1.941,"65,863",1.91,1.9,1.9,"24,695",1.891,"9,547,979",1.935,-0.035,1.81,408,1.908,2.348,1.449,"18,218,075",2023-03-07 17:21:30.118458+00:00
,QGMD,Qatar German Med,-,1.07,"3,748",1.043,1.043,1.041,"12,000",1.035,"8,887,431",1.046,-0.003,0.29,284,1.055,2.679,0.867,"9,374,598",2023-03-07 17:21:30.118458+00:00
,ERES,Ezdan,-,0.982,"29,225",0.967,0.962,0.962,"6,946",0.957,"2,921,219",0.967,-0.005,0.52,153,0.967,1.529,0.78,"2,825,908",2023-03-07 17:21:30.118458+00:00
,MRDS,Mazaya,+,0.626,"200,000",0.61,0.609,0.609,"53,783",0.604,"19,566,794",0.6,0.009,1.5,356,0.613,1.003,0.522,"12,002,147",2023-03-07 17:21:30.118458+00:00
,DUBK,Dukhan Bank,+,3.12,"218,926",3.11,3.11,3.1,"7,582",3.016,"6,938,337",3.056,0.054,1.77,661,3.073,4.0,2.84,"21,323,996",2023-03-07 17:21:30.118458+00:00
,MCCS,Mannai,-,6.5,"28,190",6.1,6.1,6.07,600,6.1,"1,097,608",6.216,-0.116,1.87,272,6.313,14.79,5.592,"6,928,706",2023-03-07 17:21:30.118458+00:00
,QFBQ,Lesha Bank,-,0.968,"50,000",0.936,0.922,0.922,"3,500",0.922,"5,563,494",0.94,-0.018,1.92,149,0.944,1.94,0.803,"5,253,644",2023-03-07 17:21:30.118458+00:00
,QIGD,Investors,-,2.044,"67,190",1.942,1.922,1.922,"157,123",1.916,"7,157,333",2.035,-0.113,5.55,320,1.964,2.7,1.575,"14,060,024",2023-03-07 17:21:30.118458+00:00
,QFLS,Qatar Fuel,+,16.81,"1,362",16.77,16.77,16.76,957,16.71,"306,611",16.61,0.16,0.96,283,16.78,20.08,16.05,"5,144,780",2023-03-07 17:21:30.118458+00:00
,SIIS,Salam,+,0.564,"818,347",0.564,0.564,0.555,"30,913",0.545,"13,474,312",0.549,0.015,2.73,274,0.556,1.154,0.481,"7,498,211",2023-03-07 17:21:30.118458+00:00
,BRES,Barwa,-,2.903,"9,808",2.88,2.874,2.874,"209,808",2.855,"2,120,867",2.907,-0.033,1.14,373,2.873,3.968,2.6,"6,093,116",2023-03-07 17:21:30.118458+00:00
,MPHC,Mesaied,+,2.235,"64,868",2.235,2.23,2.23,"127,712",2.199,"4,820,482",2.21,0.02,0.91,306,2.223,3.127,1.995,"10,714,636",2023-03-07 17:21:30.118458+00:00
,VFQS,Vodafone,-,1.622,"9,312",1.613,1.613,1.608,"8,001",1.606,"240,708",1.619,-0.006,0.37,52,1.613,1.796,1.5,"388,223",2023-03-07 17:21:30.118458+00:00
,QIIK,QIIB,+,10.79,"93,659",10.76,10.76,10.72,"3,185",10.73,"774,153",10.73,0.03,0.28,258,10.77,14.39,9.55,"8,334,948",2023-03-07 17:21:30.118458+00:00
,NLCS,Nat.leasing,-,0.708,"180,248",0.694,0.694,0.69,"59,669",0.69,"5,532,930",0.7,-0.006,0.86,226,0.701,1.021,0.64,"3,881,279",2023-03-07 17:21:30.118458+00:00
,IHGS,Inma,-,3.199,"17,704",3.135,3.101,3.101,"1,298",3.053,"293,906",3.126,-0.025,0.8,39,3.11,6.68,2.8,"913,961",2023-03-07 17:21:30.118458+00:00
,CBQK,Commercial B,+,6.2,"10,000",6.2,6.2,6.195,"2,181",6.06,"2,095,166",6.16,0.04,0.65,392,6.162,8.699,4.8,"12,910,090",2023-03-07 17:21:30.118458+00:00
,DBIS,Dlala,-,0.835,"6,306",0.828,0.809,0.809,"273,049",0.809,"661,785",0.83,-0.021,2.53,46,0.819,2.027,0.735,"542,112",2023-03-07 17:21:30.118458+00:00
,QNCD,Q Cement,-,4.339,"19,223",4.319,4.319,4.276,"5,000",4.252,"81,090",4.399,-0.08,1.82,30,4.303,5.71,4.17,"348,965",2023-03-07 17:21:30.118458+00:00
,BLDN,Baladna,+,1.389,"22,578",1.377,1.377,1.37,"25,000",1.367,"2,848,732",1.369,0.008,0.58,177,1.373,1.87,1.27,"3,911,773",2023-03-07 17:21:30.118458+00:00
,AKHI,Khaleej Ins,+,2.079,"9,000",2.03,2.03,2.018,"5,000",2.026,"311,191",2.023,0.007,0.35,37,2.039,4.24,1.71,"634,545",2023-03-07 17:21:30.118458+00:00
,QGTS,Nakilat,-,3.691,"107,454",3.62,3.62,3.619,"39,512",3.618,"751,811",3.63,-0.01,0.28,183,3.627,4.23,3.315,"2,726,477",2023-03-07 17:21:30.118458+00:00
,GWCS,Warehousing,+,3.74,17,3.7,3.699,3.632,900,3.636,"26,697",3.652,0.047,1.29,16,3.657,5.006,2.9,"97,640",2023-03-07 17:21:30.118458+00:00
,QEWS,Electricity &Water,+,17.79,"3,609",17.69,17.68,17.68,"30,178",17.65,"135,199",17.65,0.03,0.17,189,17.7,20.0,16.76,"2,392,358",2023-03-07 17:21:30.118458+00:00
,QATI,Qatar Ins,-,1.7,"110,316",1.685,1.685,1.681,"100,000",1.68,"1,760,552",1.7,-0.015,0.88,59,1.686,2.59,1.5,"2,967,843",2023-03-07 17:21:30.118458+00:00
,QNNS,MILAHA,-,9.094,"9,869",9.012,9.012,8.903,"1,239",8.945,"189,112",9.013,-0.001,0.01,101,9.035,12.66,7.755,"1,708,539",2023-03-07 17:21:30.118458+00:00
,MCGS,Medicare,+,6.145,"29,821",6.145,6.145,6.01,"24,192",5.833,"23,858",6.07,0.075,1.24,11,5.986,7.825,5.505,"142,824",2023-03-07 17:21:30.118458+00:00
,BEMA,Beema,+,4.015,0,0.0,4.015,4.01,"17,491",4.01,"22,946",3.65,0.365,10.0,7,4.012,5.6,3.6,"92,053",2023-03-07 17:21:30.118458+00:00
,MERS,Al Meera,+,16.5,"11,454",16.5,16.5,16.12,525,15.99,"245,393",16.0,0.5,3.13,34,16.04,20.8,15.5,"3,935,320",2023-03-07 17:21:30.118458+00:00
,WDAM,Widam,-,1.429,"2,000",1.42,1.41,1.41,"40,823",1.371,"547,344",1.412,-0.002,0.14,26,1.409,3.405,1.302,"771,003",2023-03-07 17:21:30.118458+00:00
,QIMD,Ind.Manf Co,-,2.971,"100,100",2.971,2.971,2.961,"9,275",2.971,"21,530",3.0,-0.029,0.97,2,2.971,4.149,2.823,"63,965",2023-03-07 17:21:30.118458+00:00
,QOIS,Qatar&Oman,+,0.58,"1,240",0.565,0.562,0.562,"111,402",0.56,"529,722",0.553,0.009,1.63,23,0.568,0.954,0.527,"301,062",2023-03-07 17:21:30.118458+00:00
,FALH,Al Faleh Education,+,1.117,"1,100",1.095,1.073,1.073,"5,804",1.063,"372,169",1.058,0.015,1.42,32,1.087,1.718,1.006,"404,513",2023-03-07 17:21:30.118458+00:00
,AHCS,Aamal,-,0.963,"44,767",0.955,0.955,0.949,"1,513",0.948,"548,770",0.96,-0.005,0.52,36,0.953,1.33,0.872,"522,869",2023-03-07 17:21:30.118458+00:00
,DOHI,Doha Ins,=,2.099,"1,396",2.099,2.099,2.045,"10,000",2.099,"3,395",2.099,0.0,0.0,3,2.099,2.528,1.849,"7,126",2023-03-07 17:21:30.118458+00:00
,QISI,Islamic Ins,-,8.765,"1,157",8.6,8.6,8.45,"5,000",8.401,"28,243",8.698,-0.098,1.13,7,8.596,9.475,7.97,"242,765",2023-03-07 17:21:30.118458+00:00
,ZHCD,Zad,+,14.55,955,14.55,14.55,14.1,"1,588",14.48,"11,002",14.0,0.55,3.93,11,14.52,20.95,13.4,"159,764",2023-03-07 17:21:30.118458+00:00
,QLMI,QLM,+,3.65,"26,413",3.8,3.65,3.65,"4,292",3.65,253,3.637,0.013,0.36,2,3.65,6.64,3.541,923,2023-03-07 17:21:30.118458+00:00
,QGRI,General Ins,-,0.94,"8,529",1.013,0.94,0.94,"22,138",0.938,"27,962",1.02,-0.08,7.84,2,0.94,2.199,0.882,"26,284",2023-03-07 17:21:30.118458+00:00
,QETF,QETF,-,10.53,"2,267",10.558,10.53,10.531,"2,067",10.53,"12,189",10.546,-0.016,0.15,7,10.53,14.5,10.213,"128,350",2023-03-07 17:21:30.118458+00:00
,QATR,QATR,-,2.402,"40,735",2.4,2.4,2.397,"41,718",2.4,"128,800",2.402,-0.002,0.08,7,2.4,3.194,2.092,"309,125",2023-03-07 17:21:30.118458+00:00
,ABQK,Ahli B,+,3.906,"2,877",4.135,3.906,3.906,"10,120",3.902,"8,800",3.9,0.006,0.15,3,3.904,4.42,3.85,"34,358",2023-03-07 17:21:30.118458+00:00
,QCFS,Cinema,+,3.299,"3,900",3.299,3.299,3.103,"1,236",3.103,"7,966",3.23,0.069,2.14,5,3.112,3.79,2.79,"24,788",2023-03-07 17:21:30.118458+00:00
,ORDS,Ooredoo,-,9.2,"308,707",9.08,9.08,9.044,"58,000",8.84,"2,562,311",9.501,-0.421,4.43,826,9.002,10.69,7.001,"23,065,309",2023-03-08 16:21:36.395654+00:00
,UDCD,United Dev,-,1.137,"100,000",1.135,1.127,1.127,"4,670",1.12,"3,098,480",1.128,-0.001,0.09,255,1.13,1.694,1.114,"3,499,839",2023-03-08 16:21:36.395654+00:00
,DHBK,Doha B,-,1.73,"15,557",1.7,1.698,1.698,"33,009",1.693,"7,197,083",1.704,-0.006,0.35,486,1.703,2.85,1.58,"12,259,291",2023-03-08 16:21:36.395654+00:00
,MKDM,Mekdam Holding Group,=,7.4,"11,001",7.4,7.4,7.327,"1,695",7.313,"356,417",7.4,0.0,0.0,222,7.398,8.684,5.9,"2,636,804",2023-03-08 16:21:36.395654+00:00
,IQCD,Industries Qatar,-,14.34,"48,856",14.3,14.3,14.26,494,14.17,"4,034,127",14.32,-0.02,0.14,"1,332",14.25,20.35,12.7,"57,475,524",2023-03-08 16:21:36.395654+00:00
,MARK,Rayyan B,-,2.765,"285,473",2.765,2.765,2.757,"3,308",2.741,"6,638,968",2.767,-0.002,0.07,603,2.755,5.98,2.582,"18,293,638",2023-03-08 16:21:36.395654+00:00
,IGRD,Estithmar,+,2.0,"902,786",2.0,2.0,1.999,"9,479",1.871,"39,909,533",1.9,0.1,5.26,"1,253",1.955,2.765,1.423,"78,018,565",2023-03-08 16:21:36.395654+00:00
,QAMC,QAMCO,+,1.775,"406,915",1.772,1.772,1.765,"5,036",1.74,"8,200,157",1.764,0.008,0.45,781,1.766,2.819,1.46,"14,485,386",2023-03-08 16:21:36.395654+00:00
,QNBK,QNB,+,16.77,"47,306",16.77,16.77,16.62,639,16.41,"2,523,657",16.6,0.17,1.02,"1,034",16.68,27.0,15.54,"42,082,846",2023-03-08 16:21:36.395654+00:00
,QIBK,QIB,+,19.22,"37,824",19.22,19.22,19.05,"2,000",18.54,"1,824,307",18.64,0.58,3.11,"1,031",18.88,28.0,17.9,"34,450,010",2023-03-08 16:21:36.395654+00:00
,GISS,Gulf Inter,+,1.934,"33,380",1.929,1.917,1.917,"28,289",1.883,"3,528,165",1.9,0.017,0.9,201,1.916,2.348,1.449,"6,761,724",2023-03-08 16:21:36.395654+00:00
,QGMD,Qatar German Med,-,1.04,"2,740",1.006,1.006,1.004,"12,355",1.0,"6,516,265",1.043,-0.037,3.55,229,1.015,2.679,0.867,"6,616,186",2023-03-08 16:21:36.395654+00:00
,ERES,Ezdan,-,0.962,"26,828",0.947,0.941,0.941,"336,686",0.94,"5,303,733",0.962,-0.021,2.18,151,0.946,1.529,0.78,"5,019,605",2023-03-08 16:21:36.395654+00:00
,MRDS,Mazaya,-,0.619,"50,614",0.602,0.602,0.6,"70,000",0.583,"6,803,506",0.609,-0.007,1.15,157,0.6,1.003,0.522,"4,079,357",2023-03-08 16:21:36.395654+00:00
,DUBK,Dukhan Bank,+,3.199,"97,376",3.111,3.111,3.1,"11,743",3.06,"14,890,377",3.11,0.001,0.03,"1,012",3.144,4.0,2.84,"46,817,336",2023-03-08 16:21:36.395654+00:00
,MCCS,Mannai,+,6.449,"36,132",6.429,6.429,6.4,"8,983",5.91,"1,801,100",6.1,0.329,5.39,298,6.301,14.79,5.592,"11,348,466",2023-03-08 16:21:36.395654+00:00
,QFBQ,Lesha Bank,-,0.928,"10,000",0.91,0.904,0.904,"212,524",0.896,"2,470,219",0.922,-0.018,1.95,75,0.905,1.94,0.803,"2,235,062",2023-03-08 16:21:36.395654+00:00
,QIGD,Investors,-,1.918,"9,754",1.914,1.905,1.905,"21,446",1.881,"5,461,122",1.922,-0.017,0.88,350,1.901,2.7,1.575,"10,380,990",2023-03-08 16:21:36.395654+00:00
,QFLS,Qatar Fuel,+,16.9,"63,065",16.9,16.9,16.8,"10,000",16.7,"763,769",16.77,0.13,0.78,459,16.78,20.08,16.05,"12,818,668",2023-03-08 16:21:36.395654+00:00
,SIIS,Salam,+,0.57,"567,140",0.569,0.569,0.567,"14,300",0.547,"7,925,905",0.564,0.005,0.89,171,0.559,1.154,0.481,"4,431,627",2023-03-08 16:21:36.395654+00:00
,BRES,Barwa,+,2.925,"5,195",2.911,2.91,2.91,"22,051",2.839,"3,284,149",2.874,0.036,1.25,428,2.898,3.968,2.6,"9,518,578",2023-03-08 16:21:36.395654+00:00
,MPHC,Mesaied,-,2.23,"16,469",2.23,2.221,2.221,"17,406",2.153,"1,448,474",2.23,-0.009,0.4,172,2.215,3.127,1.995,"3,208,846",2023-03-08 16:21:36.395654+00:00
,VFQS,Vodafone,+,1.618,"28,527",1.615,1.615,1.596,"19,120",1.59,"1,417,154",1.613,0.002,0.12,192,1.608,1.796,1.5,"2,279,241",2023-03-08 16:21:36.395654+00:00
,QIIK,QIIB,-,10.74,"25,295",10.69,10.69,10.58,"14,556",10.61,"614,637",10.76,-0.07,0.65,269,10.7,14.39,9.55,"6,575,461",2023-03-08 16:21:36.395654+00:00
,NLCS,Nat.leasing,-,0.695,"84,686",0.691,0.69,0.69,"1,020,000",0.683,"3,218,478",0.694,-0.004,0.58,78,0.687,1.021,0.64,"2,212,387",2023-03-08 16:21:36.395654+00:00
,IHGS,Inma,-,3.08,"5,922",3.072,3.072,3.065,"4,257",3.02,"252,751",3.101,-0.029,0.94,40,3.063,6.68,2.8,"774,098",2023-03-08 16:21:36.395654+00:00
,CBQK,Commercial B,=,6.205,"13,649",6.2,6.2,6.155,124,6.109,"1,918,711",6.2,0.0,0.0,592,6.189,8.699,4.8,"11,875,855",2023-03-08 16:21:36.395654+00:00
,DBIS,Dlala,-,0.808,"100,000",0.804,0.803,0.803,"154,378",0.798,"1,290,797",0.809,-0.006,0.74,59,0.802,2.027,0.735,"1,034,934",2023-03-08 16:21:36.395654+00:00
,QNCD,Q Cement,-,4.345,"6,976",4.297,4.297,4.221,"10,000",4.206,"47,891",4.319,-0.022,0.51,26,4.233,5.71,4.17,"202,744",2023-03-08 16:21:36.395654+00:00
,BLDN,Baladna,-,1.373,"6,000",1.34,1.34,1.338,"30,908",1.337,"2,787,677",1.377,-0.037,2.69,129,1.353,1.87,1.27,"3,771,059",2023-03-08 16:21:36.395654+00:00
,AKHI,Khaleej Ins,+,2.065,"2,333",2.065,2.04,2.04,"44,873",1.92,"622,101",2.03,0.01,0.49,78,2.011,4.24,1.71,"1,250,740",2023-03-08 16:21:36.395654+00:00
,QGTS,Nakilat,-,3.654,"828,799",3.57,3.57,3.566,250,3.563,"2,630,754",3.62,-0.05,1.38,543,3.572,4.23,3.315,"9,396,805",2023-03-08 16:21:36.395654+00:00
,GWCS,Warehousing,+,3.761,758,3.762,3.76,3.76,881,3.601,"675,144",3.699,0.061,1.65,57,3.683,5.006,2.9,"2,486,326",2023-03-08 16:21:36.395654+00:00
,QEWS,Electricity &Water,-,17.8,"6,348",17.6,17.58,17.58,"7,548",17.58,"584,617",17.68,-0.1,0.57,735,17.62,20.0,16.76,"10,300,355",2023-03-08 16:21:36.395654+00:00
,QATI,Qatar Ins,-,1.709,"5,501",1.709,1.68,1.68,"6,267",1.679,"1,758,682",1.685,-0.005,0.3,71,1.68,2.59,1.5,"2,955,204",2023-03-08 16:21:36.395654+00:00
,QNNS,MILAHA,-,9.04,"2,000",8.93,8.922,8.922,"76,116",8.904,"735,168",9.012,-0.09,1.0,255,8.93,12.66,7.755,"6,565,242",2023-03-08 16:21:36.395654+00:00
,MCGS,Medicare,=,6.15,"6,464",6.145,6.145,6.07,"29,000",5.901,"107,542",6.145,0.0,0.0,18,6.07,7.825,5.505,"652,807",2023-03-08 16:21:36.395654+00:00
,BEMA,Beema,-,4.28,"10,000",4.149,4.0,4.0,"2,932",3.995,"116,902",4.015,-0.015,0.37,11,4.159,5.6,3.6,"486,169",2023-03-08 16:21:36.395654+00:00
,MERS,Al Meera,-,16.4,950,16.34,16.15,16.15,"11,526",15.99,"353,082",16.5,-0.35,2.12,64,16.11,20.8,15.5,"5,687,821",2023-03-08 16:21:36.395654+00:00
,WDAM,Widam,-,1.41,"5,000",1.4,1.387,1.39,"19,880",1.385,"210,166",1.41,-0.023,1.63,20,1.4,3.405,1.302,"294,285",2023-03-08 16:21:36.395654+00:00
,QIMD,Ind.Manf Co,+,3.03,"16,000",3.026,2.978,2.978,"2,900",2.978,"119,164",2.971,0.007,0.24,15,2.978,4.149,2.823,"354,922",2023-03-08 16:21:36.395654+00:00
,QOIS,Qatar&Oman,-,0.561,"22,255",0.557,0.551,0.551,"70,760",0.545,"299,840",0.562,-0.011,1.96,23,0.551,0.954,0.527,"165,087",2023-03-08 16:21:36.395654+00:00
,FALH,Al Faleh Education,-,1.078,"29,407",1.078,1.05,1.05,"10,399",1.034,"9,562",1.073,-0.023,2.14,5,1.076,1.718,1.006,"10,287",2023-03-08 16:21:36.395654+00:00
,AHCS,Aamal,-,0.92,"2,133",0.918,0.9,0.9,"129,161",0.885,"983,808",0.955,-0.055,5.76,67,0.902,1.33,0.872,"886,938",2023-03-08 16:21:36.395654+00:00
,DOHI,Doha Ins,-,2.023,"1,603",1.99,1.99,1.955,"5,600",1.99,"27,046",2.099,-0.109,5.19,7,1.998,2.528,1.849,"54,026",2023-03-08 16:21:36.395654+00:00
,QISI,Islamic Ins,=,0.0,"3,500",8.74,8.6,8.401,"25,555",0.0,0,8.6,0.0,0.0,0,0.0,9.475,7.97,0,2023-03-08 16:21:36.395654+00:00
,ZHCD,Zad,-,14.5,550,14.54,14.5,14.0,"1,387",13.7,"21,542",14.55,-0.05,0.34,12,14.47,20.95,13.4,"311,688",2023-03-08 16:21:36.395654+00:00
,QLMI,QLM,-,3.65,"15,062",3.799,3.6,3.599,61,3.6,"9,819",3.65,-0.05,1.37,6,3.605,6.64,3.541,"35,398",2023-03-08 16:21:36.395654+00:00
,QGRI,General Ins,-,0.938,"67,667",1.016,0.938,0.938,22,0.938,50,0.94,-0.002,0.21,1,0.938,2.199,0.882,46,2023-03-08 16:21:36.395654+00:00
,QETF,QETF,+,10.54,"2,324",10.543,10.54,10.527,"2,254",10.47,"34,519",10.53,0.01,0.1,16,10.486,14.5,10.213,"361,966",2023-03-08 16:21:36.395654+00:00
,QATR,QATR,+,2.405,"4,860",2.405,2.405,2.391,"83,646",2.371,"297,000",2.4,0.005,0.21,11,2.405,3.194,2.092,"714,186",2023-03-08 16:21:36.395654+00:00
,ABQK,Ahli B,=,3.906,"10,000",4.2,3.906,3.908,"10,000",3.906,"2,000",3.906,0.0,0.0,1,3.906,4.42,3.85,"7,812",2023-03-08 16:21:36.395654+00:00
,QCFS,Cinema,=,0.0,"2,300",3.297,3.299,3.063,500,0.0,0,3.299,0.0,0.0,0,0.0,3.79,2.79,0,2023-03-08 16:21:36.395654+00:00
,ORDS,Ooredoo,+,9.187,"127,852",9.158,9.158,9.123,"1,314",9.031,"1,635,640",9.08,0.078,0.86,693,9.115,10.69,7.001,"14,908,159",2023-03-09 16:21:32.596203+00:00
,UDCD,United Dev,-,1.135,"5,680",1.126,1.118,1.118,"52,609",1.1,"2,192,766",1.127,-0.009,0.8,157,1.119,1.694,1.1,"2,454,371",2023-03-09 16:21:32.596203+00:00
,DHBK,Doha B,+,1.704,"20,000",1.7,1.699,1.699,"100,000",1.697,"3,579,864",1.698,0.001,0.06,189,1.7,2.85,1.58,"6,087,124",2023-03-09 16:21:32.596203+00:00
,MKDM,Mekdam Holding Group,=,7.41,"6,700",7.4,7.4,7.385,"8,263",7.394,"456,384",7.4,0.0,0.0,221,7.402,8.684,5.9,"3,378,113",2023-03-09 16:21:32.596203+00:00
,IQCD,Industries Qatar,+,14.45,"10,000",14.33,14.33,14.32,"8,628",14.28,"3,461,384",14.3,0.03,0.21,"1,392",14.37,20.35,12.7,"49,738,245",2023-03-09 16:21:32.596203+00:00
,MARK,Rayyan B,+,2.794,"10,002",2.792,2.792,2.79,"30,000",2.765,"7,670,912",2.765,0.027,0.98,828,2.783,5.98,2.582,"21,345,839",2023-03-09 16:21:32.596203+00:00
,IGRD,Estithmar,-,2.047,"649,054",1.96,1.96,1.958,"3,000",1.96,"19,064,104",2.0,-0.04,2.0,887,2.008,2.765,1.423,"38,285,834",2023-03-09 16:21:32.596203+00:00
,QAMC,QAMCO,-,1.78,"87,412",1.76,1.759,1.759,"463,796",1.759,"10,495,095",1.772,-0.013,0.73,674,1.768,2.819,1.46,"18,556,544",2023-03-09 16:21:32.596203+00:00
,QNBK,QNB,-,16.86,"10,000",16.71,16.53,16.53,"23,243",16.53,"915,063",16.77,-0.24,1.43,573,16.66,27.0,15.54,"15,240,197",2023-03-09 16:21:32.596203+00:00
,QIBK,QIB,+,19.68,"1,023",19.39,19.39,19.38,93,19.2,"1,418,300",19.22,0.17,0.88,676,19.52,28.0,17.9,"27,681,810",2023-03-09 16:21:32.596203+00:00
,GISS,Gulf Inter,-,1.935,"82,085",1.9,1.9,1.893,"10,000",1.9,"4,807,838",1.917,-0.017,0.89,198,1.911,2.348,1.449,"9,185,808",2023-03-09 16:21:32.596203+00:00
,QGMD,Qatar German Med,+,1.033,"9,908",1.007,1.007,1.006,"25,000",1.004,"4,676,196",1.006,0.001,0.1,186,1.02,2.679,0.867,"4,768,925",2023-03-09 16:21:32.596203+00:00
,ERES,Ezdan,-,0.944,"32,414",0.939,0.94,0.931,"25,000",0.925,"2,804,391",0.941,-0.001,0.11,102,0.937,1.529,0.78,"2,626,946",2023-03-09 16:21:32.596203+00:00
,MRDS,Mazaya,-,0.608,"60,530",0.6,0.6,0.593,"24,932",0.591,"4,591,777",0.602,-0.002,0.33,98,0.599,1.003,0.522,"2,750,561",2023-03-09 16:21:32.596203+00:00
,DUBK,Dukhan Bank,+,3.149,"43,411",3.12,3.12,3.119,"20,546",3.085,"8,169,594",3.111,0.009,0.29,811,3.121,4.0,2.84,"25,494,850",2023-03-09 16:21:32.596203+00:00
,MCCS,Mannai,-,6.587,"27,938",6.395,6.395,6.315,35,6.307,"1,326,071",6.429,-0.034,0.53,225,6.412,14.79,5.592,"8,502,810",2023-03-09 16:21:32.596203+00:00
,QFBQ,Lesha Bank,+,0.92,"35,000",0.914,0.905,0.905,270,0.904,"441,353",0.904,0.001,0.11,33,0.91,1.94,0.803,"401,756",2023-03-09 16:21:32.596203+00:00
,QIGD,Investors,+,1.932,"262,200",1.917,1.917,1.906,220,1.9,"2,255,340",1.905,0.012,0.63,124,1.909,2.7,1.575,"4,306,229",2023-03-09 16:21:32.596203+00:00
,QFLS,Qatar Fuel,-,16.94,"81,337",16.74,16.74,16.62,"1,605",16.61,"491,945",16.9,-0.16,0.95,362,16.78,20.08,16.05,"8,255,104",2023-03-09 16:21:32.596203+00:00
,SIIS,Salam,-,0.578,"271,142",0.567,0.567,0.565,"1,166",0.563,"4,093,017",0.569,-0.002,0.35,155,0.568,1.154,0.481,"2,325,950",2023-03-09 16:21:32.596203+00:00
,BRES,Barwa,-,2.942,"3,849",2.938,2.9,2.9,"97,318",2.89,"1,367,434",2.91,-0.01,0.34,235,2.917,3.968,2.6,"3,988,442",2023-03-09 16:21:32.596203+00:00
,MPHC,Mesaied,-,2.24,"6,747",2.23,2.22,2.22,"148,073",2.185,"4,198,216",2.221,-0.001,0.04,373,2.222,3.127,1.995,"9,328,277",2023-03-09 16:21:32.596203+00:00
,VFQS,Vodafone,+,1.657,"61,292",1.655,1.654,1.654,"8,138",1.6,"5,493,371",1.615,0.039,2.42,231,1.632,1.796,1.5,"8,964,495",2023-03-09 16:21:32.596203+00:00
,QIIK,QIIB,-,10.8,"100,000",10.7,10.61,10.61,"20,939",10.6,"1,079,955",10.69,-0.08,0.75,427,10.7,14.39,9.55,"11,556,051",2023-03-09 16:21:32.596203+00:00
,NLCS,Nat.leasing,-,0.7,"32,106",0.69,0.685,0.685,"106,889",0.685,"1,111,368",0.69,-0.005,0.72,57,0.692,1.021,0.64,"769,335",2023-03-09 16:21:32.596203+00:00
,IHGS,Inma,+,3.099,"53,144",3.074,3.074,3.044,"4,140",3.006,"105,341",3.072,0.002,0.07,19,3.06,6.68,2.8,"322,307",2023-03-09 16:21:32.596203+00:00
,CBQK,Commercial B,+,6.399,"15,797",6.33,6.28,6.28,"206,686",6.22,"1,959,501",6.2,0.08,1.29,683,6.295,8.699,4.8,"12,335,172",2023-03-09 16:21:32.596203+00:00
,DBIS,Dlala,-,0.809,"297,589",0.799,0.799,0.791,"14,099",0.786,"1,350,056",0.803,-0.004,0.5,62,0.794,2.027,0.735,"1,071,831",2023-03-09 16:21:32.596203+00:00
,QNCD,Q Cement,+,4.374,"6,957",4.339,4.339,4.28,470,4.224,"46,158",4.297,0.042,0.98,18,4.272,5.71,4.17,"197,180",2023-03-09 16:21:32.596203+00:00
,BLDN,Baladna,-,1.35,700,1.316,1.313,1.313,"60,404",1.3,"2,679,812",1.34,-0.027,2.02,143,1.317,1.87,1.27,"3,528,315",2023-03-09 16:21:32.596203+00:00
,AKHI,Khaleej Ins,-,2.065,"9,584",2.019,2.005,2.005,"11,000",2.0,"451,090",2.04,-0.035,1.72,64,2.043,4.24,1.71,"921,480",2023-03-09 16:21:32.596203+00:00
,QGTS,Nakilat,-,3.59,"8,761",3.55,3.55,3.52,"8,000",3.55,"2,297,898",3.57,-0.02,0.56,467,3.574,4.23,3.315,"8,211,791",2023-03-09 16:21:32.596203+00:00
,GWCS,Warehousing,-,3.762,"23,400",3.769,3.7,3.7,"5,000",3.622,"1,822,729",3.76,-0.06,1.6,29,3.7,5.006,2.9,"6,743,483",2023-03-09 16:21:32.596203+00:00
,QEWS,Electricity &Water,=,17.65,"2,512",17.69,17.58,17.58,"5,440",17.53,"273,701",17.58,0.0,0.0,210,17.6,20.0,16.76,"4,816,319",2023-03-09 16:21:32.596203+00:00
,QATI,Qatar Ins,-,1.67,"28,090",1.66,1.66,1.64,"30,000",1.643,"3,182,026",1.68,-0.02,1.19,42,1.658,2.59,1.5,"5,275,157",2023-03-09 16:21:32.596203+00:00
,QNNS,MILAHA,-,9.109,"1,910",8.98,8.69,8.69,"40,512",8.69,"3,779,136",8.922,-0.232,2.6,403,8.985,12.66,7.755,"33,956,680",2023-03-09 16:21:32.596203+00:00
,MCGS,Medicare,+,6.17,152,6.08,6.148,6.055,"3,000",6.148,"44,774",6.145,0.003,0.05,6,6.148,7.825,5.505,"275,271",2023-03-09 16:21:32.596203+00:00
,BEMA,Beema,-,4.0,"1,425",3.9,3.899,3.802,"3,000",3.8,"41,395",4.0,-0.101,2.52,7,3.906,5.6,3.6,"161,681",2023-03-09 16:21:32.596203+00:00
,MERS,Al Meera,-,16.35,690,16.18,16.01,16.01,696,15.79,"46,274",16.15,-0.14,0.87,27,15.88,20.8,15.5,"734,801",2023-03-09 16:21:32.596203+00:00
,WDAM,Widam,+,1.425,"19,912",1.425,1.42,1.42,"821,712",1.386,"428,149",1.387,0.033,2.38,20,1.418,3.405,1.302,"607,313",2023-03-09 16:21:32.596203+00:00
,QIMD,Ind.Manf Co,+,2.984,"7,952",3.028,2.984,2.984,"19,800",2.98,"225,477",2.978,0.006,0.2,6,2.981,4.149,2.823,"672,205",2023-03-09 16:21:32.596203+00:00
,QOIS,Qatar&Oman,+,0.57,"23,464",0.56,0.552,0.552,"2,910",0.551,"444,908",0.551,0.001,0.18,25,0.553,0.954,0.527,"245,964",2023-03-09 16:21:32.596203+00:00
,FALH,Al Faleh Education,-,1.082,"9,707",1.074,1.046,1.046,"11,546",1.036,"10,313",1.05,-0.004,0.38,3,1.037,1.718,1.006,"10,698",2023-03-09 16:21:32.596203+00:00
,AHCS,Aamal,+,0.927,"159,919",0.914,0.914,0.895,"22,381",0.895,"756,385",0.9,0.014,1.56,42,0.9,1.33,0.872,"680,873",2023-03-09 16:21:32.596203+00:00
,DOHI,Doha Ins,-,1.98,"10,000",1.98,1.98,1.975,"2,330",1.975,"15,170",1.99,-0.01,0.5,3,1.978,2.528,1.849,"30,010",2023-03-09 16:21:32.596203+00:00
,QISI,Islamic Ins,=,0.0,"1,300",8.598,8.6,8.318,"1,313",0.0,0,8.6,0.0,0.0,0,0.0,9.475,7.97,0,2023-03-09 16:21:32.596203+00:00
,ZHCD,Zad,=,14.5,"2,501",14.5,14.5,14.04,"1,000",14.03,981,14.5,0.0,0.0,3,14.27,20.95,13.4,"13,998",2023-03-09 16:21:32.596203+00:00
,QLMI,QLM,-,3.799,"1,116",3.47,3.331,3.3,"4,521",3.24,"153,435",3.6,-0.269,7.47,17,3.278,6.64,3.24,"503,035",2023-03-09 16:21:32.596203+00:00
,QGRI,General Ins,+,0.95,"24,950",0.95,0.95,0.89,"12,057",0.85,"24,881",0.938,0.012,1.28,5,0.852,2.199,0.85,"21,188",2023-03-09 16:21:32.596203+00:00
,QETF,QETF,+,10.666,"2,050",10.613,10.666,10.602,"2,041",10.586,"8,013",10.54,0.126,1.2,4,10.618,14.5,10.213,"85,080",2023-03-09 16:21:32.596203+00:00
,QATR,QATR,+,2.409,"82,986",2.41,2.407,2.407,"82,668",2.405,"167,800",2.405,0.002,0.08,7,2.407,3.194,2.092,"403,901",2023-03-09 16:21:32.596203+00:00
,ABQK,Ahli B,+,3.908,550,4.019,3.908,3.906,"10,000",3.908,"30,500",3.906,0.002,0.05,3,3.908,4.42,3.85,"119,194",2023-03-09 16:21:32.596203+00:00
,QCFS,Cinema,+,3.397,"3,670",3.397,3.397,3.06,"3,554",3.397,100,3.299,0.098,2.97,1,3.397,3.79,2.79,339,2023-03-09 16:21:32.596203+00:00
,ORDS,Ooredoo,+,9.187,"127,852",9.158,9.158,9.123,"1,314",9.031,"1,635,640",9.08,0.078,0.86,693,9.115,10.69,7.001,"14,908,159",2023-03-10 16:21:26.039437+00:00
,UDCD,United Dev,-,1.135,"5,680",1.126,1.118,1.118,"52,609",1.1,"2,192,766",1.127,-0.009,0.8,157,1.119,1.694,1.1,"2,454,371",2023-03-10 16:21:26.039437+00:00
,DHBK,Doha B,+,1.704,"20,000",1.7,1.699,1.699,"100,000",1.697,"3,579,864",1.698,0.001,0.06,189,1.7,2.85,1.58,"6,087,124",2023-03-10 16:21:26.039437+00:00
,MKDM,Mekdam Holding Group,=,7.41,"6,700",7.4,7.4,7.385,"8,263",7.394,"456,384",7.4,0.0,0.0,221,7.402,8.684,5.9,"3,378,113",2023-03-10 16:21:26.039437+00:00
,IQCD,Industries Qatar,+,14.45,"10,000",14.33,14.33,14.32,"8,628",14.28,"3,461,384",14.3,0.03,0.21,"1,392",14.37,20.35,12.7,"49,738,245",2023-03-10 16:21:26.039437+00:00
,MARK,Rayyan B,+,2.794,"10,002",2.792,2.792,2.79,"30,000",2.765,"7,670,912",2.765,0.027,0.98,828,2.783,5.98,2.582,"21,345,839",2023-03-10 16:21:26.039437+00:00
,IGRD,Estithmar,-,2.047,"649,054",1.96,1.96,1.958,"3,000",1.96,"19,064,104",2.0,-0.04,2.0,887,2.008,2.765,1.423,"38,285,834",2023-03-10 16:21:26.039437+00:00
,QAMC,QAMCO,-,1.78,"87,412",1.76,1.759,1.759,"463,796",1.759,"10,495,095",1.772,-0.013,0.73,674,1.768,2.819,1.46,"18,556,544",2023-03-10 16:21:26.039437+00:00
,QNBK,QNB,-,16.86,"10,000",16.71,16.53,16.53,"23,243",16.53,"915,063",16.77,-0.24,1.43,573,16.66,27.0,15.54,"15,240,197",2023-03-10 16:21:26.039437+00:00
,QIBK,QIB,+,19.68,"1,023",19.39,19.39,19.38,93,19.2,"1,418,300",19.22,0.17,0.88,676,19.52,28.0,17.9,"27,681,810",2023-03-10 16:21:26.039437+00:00
,GISS,Gulf Inter,-,1.935,"82,085",1.9,1.9,1.893,"10,000",1.9,"4,807,838",1.917,-0.017,0.89,198,1.911,2.348,1.449,"9,185,808",2023-03-10 16:21:26.039437+00:00
,QGMD,Qatar German Med,+,1.033,"9,908",1.007,1.007,1.006,"25,000",1.004,"4,676,196",1.006,0.001,0.1,186,1.02,2.679,0.867,"4,768,925",2023-03-10 16:21:26.039437+00:00
,ERES,Ezdan,-,0.944,"32,414",0.939,0.94,0.931,"25,000",0.925,"2,804,391",0.941,-0.001,0.11,102,0.937,1.529,0.78,"2,626,946",2023-03-10 16:21:26.039437+00:00
,MRDS,Mazaya,-,0.608,"60,530",0.6,0.6,0.593,"24,932",0.591,"4,591,777",0.602,-0.002,0.33,98,0.599,1.003,0.522,"2,750,561",2023-03-10 16:21:26.039437+00:00
,DUBK,Dukhan Bank,+,3.149,"43,411",3.12,3.12,3.119,"20,546",3.085,"8,169,594",3.111,0.009,0.29,811,3.121,4.0,2.84,"25,494,850",2023-03-10 16:21:26.039437+00:00
,MCCS,Mannai,-,6.587,"27,938",6.395,6.395,6.315,35,6.307,"1,326,071",6.429,-0.034,0.53,225,6.412,14.79,5.592,"8,502,810",2023-03-10 16:21:26.039437+00:00
,QFBQ,Lesha Bank,+,0.92,"35,000",0.914,0.905,0.905,270,0.904,"441,353",0.904,0.001,0.11,33,0.91,1.94,0.803,"401,756",2023-03-10 16:21:26.039437+00:00
,QIGD,Investors,+,1.932,"262,200",1.917,1.917,1.906,220,1.9,"2,255,340",1.905,0.012,0.63,124,1.909,2.7,1.575,"4,306,229",2023-03-10 16:21:26.039437+00:00
,QFLS,Qatar Fuel,-,16.94,"81,337",16.74,16.74,16.62,"1,605",16.61,"491,945",16.9,-0.16,0.95,362,16.78,20.08,16.05,"8,255,104",2023-03-10 16:21:26.039437+00:00
,SIIS,Salam,-,0.578,"271,142",0.567,0.567,0.565,"1,166",0.563,"4,093,017",0.569,-0.002,0.35,155,0.568,1.154,0.481,"2,325,950",2023-03-10 16:21:26.039437+00:00
,BRES,Barwa,-,2.942,"3,849",2.938,2.9,2.9,"97,318",2.89,"1,367,434",2.91,-0.01,0.34,235,2.917,3.968,2.6,"3,988,442",2023-03-10 16:21:26.039437+00:00
,MPHC,Mesaied,-,2.24,"6,747",2.23,2.22,2.22,"148,073",2.185,"4,198,216",2.221,-0.001,0.04,373,2.222,3.127,1.995,"9,328,277",2023-03-10 16:21:26.039437+00:00
,VFQS,Vodafone,+,1.657,"61,292",1.655,1.654,1.654,"8,138",1.6,"5,493,371",1.615,0.039,2.42,231,1.632,1.796,1.5,"8,964,495",2023-03-10 16:21:26.039437+00:00
,QIIK,QIIB,-,10.8,"100,000",10.7,10.61,10.61,"20,939",10.6,"1,079,955",10.69,-0.08,0.75,427,10.7,14.39,9.55,"11,556,051",2023-03-10 16:21:26.039437+00:00
,NLCS,Nat.leasing,-,0.7,"32,106",0.69,0.685,0.685,"106,889",0.685,"1,111,368",0.69,-0.005,0.72,57,0.692,1.021,0.64,"769,335",2023-03-10 16:21:26.039437+00:00
,IHGS,Inma,+,3.099,"53,144",3.074,3.074,3.044,"4,140",3.006,"105,341",3.072,0.002,0.07,19,3.06,6.68,2.8,"322,307",2023-03-10 16:21:26.039437+00:00
,CBQK,Commercial B,+,6.399,"15,797",6.33,6.28,6.28,"206,686",6.22,"1,959,501",6.2,0.08,1.29,683,6.295,8.699,4.8,"12,335,172",2023-03-10 16:21:26.039437+00:00
,DBIS,Dlala,-,0.809,"297,589",0.799,0.799,0.791,"14,099",0.786,"1,350,056",0.803,-0.004,0.5,62,0.794,2.027,0.735,"1,071,831",2023-03-10 16:21:26.039437+00:00
,QNCD,Q Cement,+,4.374,"6,957",4.339,4.339,4.28,470,4.224,"46,158",4.297,0.042,0.98,18,4.272,5.71,4.17,"197,180",2023-03-10 16:21:26.039437+00:00
,BLDN,Baladna,-,1.35,700,1.316,1.313,1.313,"60,404",1.3,"2,679,812",1.34,-0.027,2.02,143,1.317,1.87,1.27,"3,528,315",2023-03-10 16:21:26.039437+00:00
,AKHI,Khaleej Ins,-,2.065,"9,584",2.019,2.005,2.005,"11,000",2.0,"451,090",2.04,-0.035,1.72,64,2.043,4.24,1.71,"921,480",2023-03-10 16:21:26.039437+00:00
,QGTS,Nakilat,-,3.59,"8,761",3.55,3.55,3.52,"8,000",3.55,"2,297,898",3.57,-0.02,0.56,467,3.574,4.23,3.315,"8,211,791",2023-03-10 16:21:26.039437+00:00
,GWCS,Warehousing,-,3.762,"23,400",3.769,3.7,3.7,"5,000",3.622,"1,822,729",3.76,-0.06,1.6,29,3.7,5.006,2.9,"6,743,483",2023-03-10 16:21:26.039437+00:00
,QEWS,Electricity &Water,=,17.65,"2,512",17.69,17.58,17.58,"5,440",17.53,"273,701",17.58,0.0,0.0,210,17.6,20.0,16.76,"4,816,319",2023-03-10 16:21:26.039437+00:00
,QATI,Qatar Ins,-,1.67,"28,090",1.66,1.66,1.64,"30,000",1.643,"3,182,026",1.68,-0.02,1.19,42,1.658,2.59,1.5,"5,275,157",2023-03-10 16:21:26.039437+00:00
,QNNS,MILAHA,-,9.109,"1,910",8.98,8.69,8.69,"40,512",8.69,"3,779,136",8.922,-0.232,2.6,403,8.985,12.66,7.755,"33,956,680",2023-03-10 16:21:26.039437+00:00
,MCGS,Medicare,+,6.17,152,6.08,6.148,6.055,"3,000",6.148,"44,774",6.145,0.003,0.05,6,6.148,7.825,5.505,"275,271",2023-03-10 16:21:26.039437+00:00
,BEMA,Beema,-,4.0,"1,425",3.9,3.899,3.802,"3,000",3.8,"41,395",4.0,-0.101,2.52,7,3.906,5.6,3.6,"161,681",2023-03-10 16:21:26.039437+00:00
,MERS,Al Meera,-,16.35,690,16.18,16.01,16.01,696,15.79,"46,274",16.15,-0.14,0.87,27,15.88,20.8,15.5,"734,801",2023-03-10 16:21:26.039437+00:00
,WDAM,Widam,+,1.425,"19,912",1.425,1.42,1.42,"821,712",1.386,"428,149",1.387,0.033,2.38,20,1.418,3.405,1.302,"607,313",2023-03-10 16:21:26.039437+00:00
,QIMD,Ind.Manf Co,+,2.984,"7,952",3.028,2.984,2.984,"19,800",2.98,"225,477",2.978,0.006,0.2,6,2.981,4.149,2.823,"672,205",2023-03-10 16:21:26.039437+00:00
,QOIS,Qatar&Oman,+,0.57,"23,464",0.56,0.552,0.552,"2,910",0.551,"444,908",0.551,0.001,0.18,25,0.553,0.954,0.527,"245,964",2023-03-10 16:21:26.039437+00:00
,FALH,Al Faleh Education,-,1.082,"9,707",1.074,1.046,1.046,"11,546",1.036,"10,313",1.05,-0.004,0.38,3,1.037,1.718,1.006,"10,698",2023-03-10 16:21:26.039437+00:00
,AHCS,Aamal,+,0.927,"159,919",0.914,0.914,0.895,"22,381",0.895,"756,385",0.9,0.014,1.56,42,0.9,1.33,0.872,"680,873",2023-03-10 16:21:26.039437+00:00
,DOHI,Doha Ins,-,1.98,"10,000",1.98,1.98,1.975,"2,330",1.975,"15,170",1.99,-0.01,0.5,3,1.978,2.528,1.849,"30,010",2023-03-10 16:21:26.039437+00:00
,QISI,Islamic Ins,=,0.0,"1,300",8.598,8.6,8.318,"1,313",0.0,0,8.6,0.0,0.0,0,0.0,9.475,7.97,0,2023-03-10 16:21:26.039437+00:00
,ZHCD,Zad,=,14.5,"2,501",14.5,14.5,14.04,"1,000",14.03,981,14.5,0.0,0.0,3,14.27,20.95,13.4,"13,998",2023-03-10 16:21:26.039437+00:00
,QLMI,QLM,-,3.799,"1,116",3.47,3.331,3.3,"4,521",3.24,"153,435",3.6,-0.269,7.47,17,3.278,6.64,3.24,"503,035",2023-03-10 16:21:26.039437+00:00
,QGRI,General Ins,+,0.95,"24,950",0.95,0.95,0.89,"12,057",0.85,"24,881",0.938,0.012,1.28,5,0.852,2.199,0.85,"21,188",2023-03-10 16:21:26.039437+00:00
,QETF,QETF,+,10.666,"2,050",10.613,10.666,10.602,"2,041",10.586,"8,013",10.54,0.126,1.2,4,10.618,14.5,10.213,"85,080",2023-03-10 16:21:26.039437+00:00
,QATR,QATR,+,2.409,"82,986",2.41,2.407,2.407,"82,668",2.405,"167,800",2.405,0.002,0.08,7,2.407,3.194,2.092,"403,901",2023-03-10 16:21:26.039437+00:00
,ABQK,Ahli B,+,3.908,550,4.019,3.908,3.906,"10,000",3.908,"30,500",3.906,0.002,0.05,3,3.908,4.42,3.85,"119,194",2023-03-10 16:21:26.039437+00:00
,QCFS,Cinema,+,3.397,"3,670",3.397,3.397,3.06,"3,554",3.397,100,3.299,0.098,2.97,1,3.397,3.79,2.79,339,2023-03-10 16:21:26.039437+00:00
,ORDS,Ooredoo,+,9.187,"127,852",9.158,9.158,9.123,"1,314",9.031,"1,635,640",9.08,0.078,0.86,693,9.115,10.69,7.001,"14,908,159",2023-03-11 16:21:27.213795+00:00
,UDCD,United Dev,-,1.135,"5,680",1.126,1.118,1.118,"52,609",1.1,"2,192,766",1.127,-0.009,0.8,157,1.119,1.694,1.1,"2,454,371",2023-03-11 16:21:27.213795+00:00
,DHBK,Doha B,+,1.704,"20,000",1.7,1.699,1.699,"100,000",1.697,"3,579,864",1.698,0.001,0.06,189,1.7,2.85,1.58,"6,087,124",2023-03-11 16:21:27.213795+00:00
,MKDM,Mekdam Holding Group,=,7.41,"6,700",7.4,7.4,7.385,"8,263",7.394,"456,384",7.4,0.0,0.0,221,7.402,8.684,5.9,"3,378,113",2023-03-11 16:21:27.213795+00:00
,IQCD,Industries Qatar,+,14.45,"10,000",14.33,14.33,14.32,"8,628",14.28,"3,461,384",14.3,0.03,0.21,"1,392",14.37,20.35,12.7,"49,738,245",2023-03-11 16:21:27.213795+00:00
,MARK,Rayyan B,+,2.794,"10,002",2.792,2.792,2.79,"30,000",2.765,"7,670,912",2.765,0.027,0.98,828,2.783,5.98,2.582,"21,345,839",2023-03-11 16:21:27.213795+00:00
,IGRD,Estithmar,-,2.047,"649,054",1.96,1.96,1.958,"3,000",1.96,"19,064,104",2.0,-0.04,2.0,887,2.008,2.765,1.423,"38,285,834",2023-03-11 16:21:27.213795+00:00
,QAMC,QAMCO,-,1.78,"87,412",1.76,1.759,1.759,"463,796",1.759,"10,495,095",1.772,-0.013,0.73,674,1.768,2.819,1.46,"18,556,544",2023-03-11 16:21:27.213795+00:00
,QNBK,QNB,-,16.86,"10,000",16.71,16.53,16.53,"23,243",16.53,"915,063",16.77,-0.24,1.43,573,16.66,27.0,15.54,"15,240,197",2023-03-11 16:21:27.213795+00:00
,QIBK,QIB,+,19.68,"1,023",19.39,19.39,19.38,93,19.2,"1,418,300",19.22,0.17,0.88,676,19.52,28.0,17.9,"27,681,810",2023-03-11 16:21:27.213795+00:00
,GISS,Gulf Inter,-,1.935,"82,085",1.9,1.9,1.893,"10,000",1.9,"4,807,838",1.917,-0.017,0.89,198,1.911,2.348,1.449,"9,185,808",2023-03-11 16:21:27.213795+00:00
,QGMD,Qatar German Med,+,1.033,"9,908",1.007,1.007,1.006,"25,000",1.004,"4,676,196",1.006,0.001,0.1,186,1.02,2.679,0.867,"4,768,925",2023-03-11 16:21:27.213795+00:00
,ERES,Ezdan,-,0.944,"32,414",0.939,0.94,0.931,"25,000",0.925,"2,804,391",0.941,-0.001,0.11,102,0.937,1.529,0.78,"2,626,946",2023-03-11 16:21:27.213795+00:00
,MRDS,Mazaya,-,0.608,"60,530",0.6,0.6,0.593,"24,932",0.591,"4,591,777",0.602,-0.002,0.33,98,0.599,1.003,0.522,"2,750,561",2023-03-11 16:21:27.213795+00:00
,DUBK,Dukhan Bank,+,3.149,"43,411",3.12,3.12,3.119,"20,546",3.085,"8,169,594",3.111,0.009,0.29,811,3.121,4.0,2.84,"25,494,850",2023-03-11 16:21:27.213795+00:00
,MCCS,Mannai,-,6.587,"27,938",6.395,6.395,6.315,35,6.307,"1,326,071",6.429,-0.034,0.53,225,6.412,14.79,5.592,"8,502,810",2023-03-11 16:21:27.213795+00:00
,QFBQ,Lesha Bank,+,0.92,"35,000",0.914,0.905,0.905,270,0.904,"441,353",0.904,0.001,0.11,33,0.91,1.94,0.803,"401,756",2023-03-11 16:21:27.213795+00:00
,QIGD,Investors,+,1.932,"262,200",1.917,1.917,1.906,220,1.9,"2,255,340",1.905,0.012,0.63,124,1.909,2.7,1.575,"4,306,229",2023-03-11 16:21:27.213795+00:00
,QFLS,Qatar Fuel,-,16.94,"81,337",16.74,16.74,16.62,"1,605",16.61,"491,945",16.9,-0.16,0.95,362,16.78,20.08,16.05,"8,255,104",2023-03-11 16:21:27.213795+00:00
,SIIS,Salam,-,0.578,"271,142",0.567,0.567,0.565,"1,166",0.563,"4,093,017",0.569,-0.002,0.35,155,0.568,1.154,0.481,"2,325,950",2023-03-11 16:21:27.213795+00:00
,BRES,Barwa,-,2.942,"3,849",2.938,2.9,2.9,"97,318",2.89,"1,367,434",2.91,-0.01,0.34,235,2.917,3.968,2.6,"3,988,442",2023-03-11 16:21:27.213795+00:00
,MPHC,Mesaied,-,2.24,"6,747",2.23,2.22,2.22,"148,073",2.185,"4,198,216",2.221,-0.001,0.04,373,2.222,3.127,1.995,"9,328,277",2023-03-11 16:21:27.213795+00:00
,VFQS,Vodafone,+,1.657,"61,292",1.655,1.654,1.654,"8,138",1.6,"5,493,371",1.615,0.039,2.42,231,1.632,1.796,1.5,"8,964,495",2023-03-11 16:21:27.213795+00:00
,QIIK,QIIB,-,10.8,"100,000",10.7,10.61,10.61,"20,939",10.6,"1,079,955",10.69,-0.08,0.75,427,10.7,14.39,9.55,"11,556,051",2023-03-11 16:21:27.213795+00:00
,NLCS,Nat.leasing,-,0.7,"32,106",0.69,0.685,0.685,"106,889",0.685,"1,111,368",0.69,-0.005,0.72,57,0.692,1.021,0.64,"769,335",2023-03-11 16:21:27.213795+00:00
,IHGS,Inma,+,3.099,"53,144",3.074,3.074,3.044,"4,140",3.006,"105,341",3.072,0.002,0.07,19,3.06,6.68,2.8,"322,307",2023-03-11 16:21:27.213795+00:00
,CBQK,Commercial B,+,6.399,"15,797",6.33,6.28,6.28,"206,686",6.22,"1,959,501",6.2,0.08,1.29,683,6.295,8.699,4.8,"12,335,172",2023-03-11 16:21:27.213795+00:00
,DBIS,Dlala,-,0.809,"297,589",0.799,0.799,0.791,"14,099",0.786,"1,350,056",0.803,-0.004,0.5,62,0.794,2.027,0.735,"1,071,831",2023-03-11 16:21:27.213795+00:00
,QNCD,Q Cement,+,4.374,"6,957",4.339,4.339,4.28,470,4.224,"46,158",4.297,0.042,0.98,18,4.272,5.71,4.17,"197,180",2023-03-11 16:21:27.213795+00:00
,BLDN,Baladna,-,1.35,700,1.316,1.313,1.313,"60,404",1.3,"2,679,812",1.34,-0.027,2.02,143,1.317,1.87,1.27,"3,528,315",2023-03-11 16:21:27.213795+00:00
,AKHI,Khaleej Ins,-,2.065,"9,584",2.019,2.005,2.005,"11,000",2.0,"451,090",2.04,-0.035,1.72,64,2.043,4.24,1.71,"921,480",2023-03-11 16:21:27.213795+00:00
,QGTS,Nakilat,-,3.59,"8,761",3.55,3.55,3.52,"8,000",3.55,"2,297,898",3.57,-0.02,0.56,467,3.574,4.23,3.315,"8,211,791",2023-03-11 16:21:27.213795+00:00
,GWCS,Warehousing,-,3.762,"23,400",3.769,3.7,3.7,"5,000",3.622,"1,822,729",3.76,-0.06,1.6,29,3.7,5.006,2.9,"6,743,483",2023-03-11 16:21:27.213795+00:00
,QEWS,Electricity &Water,=,17.65,"2,512",17.69,17.58,17.58,"5,440",17.53,"273,701",17.58,0.0,0.0,210,17.6,20.0,16.76,"4,816,319",2023-03-11 16:21:27.213795+00:00
,QATI,Qatar Ins,-,1.67,"28,090",1.66,1.66,1.64,"30,000",1.643,"3,182,026",1.68,-0.02,1.19,42,1.658,2.59,1.5,"5,275,157",2023-03-11 16:21:27.213795+00:00
,QNNS,MILAHA,-,9.109,"1,910",8.98,8.69,8.69,"40,512",8.69,"3,779,136",8.922,-0.232,2.6,403,8.985,12.66,7.755,"33,956,680",2023-03-11 16:21:27.213795+00:00
,MCGS,Medicare,+,6.17,152,6.08,6.148,6.055,"3,000",6.148,"44,774",6.145,0.003,0.05,6,6.148,7.825,5.505,"275,271",2023-03-11 16:21:27.213795+00:00
,BEMA,Beema,-,4.0,"1,425",3.9,3.899,3.802,"3,000",3.8,"41,395",4.0,-0.101,2.52,7,3.906,5.6,3.6,"161,681",2023-03-11 16:21:27.213795+00:00
,MERS,Al Meera,-,16.35,690,16.18,16.01,16.01,696,15.79,"46,274",16.15,-0.14,0.87,27,15.88,20.8,15.5,"734,801",2023-03-11 16:21:27.213795+00:00
,WDAM,Widam,+,1.425,"19,912",1.425,1.42,1.42,"821,712",1.386,"428,149",1.387,0.033,2.38,20,1.418,3.405,1.302,"607,313",2023-03-11 16:21:27.213795+00:00
,QIMD,Ind.Manf Co,+,2.984,"7,952",3.028,2.984,2.984,"19,800",2.98,"225,477",2.978,0.006,0.2,6,2.981,4.149,2.823,"672,205",2023-03-11 16:21:27.213795+00:00
,QOIS,Qatar&Oman,+,0.57,"23,464",0.56,0.552,0.552,"2,910",0.551,"444,908",0.551,0.001,0.18,25,0.553,0.954,0.527,"245,964",2023-03-11 16:21:27.213795+00:00
,FALH,Al Faleh Education,-,1.082,"9,707",1.074,1.046,1.046,"11,546",1.036,"10,313",1.05,-0.004,0.38,3,1.037,1.718,1.006,"10,698",2023-03-11 16:21:27.213795+00:00
,AHCS,Aamal,+,0.927,"159,919",0.914,0.914,0.895,"22,381",0.895,"756,385",0.9,0.014,1.56,42,0.9,1.33,0.872,"680,873",2023-03-11 16:21:27.213795+00:00
,DOHI,Doha Ins,-,1.98,"10,000",1.98,1.98,1.975,"2,330",1.975,"15,170",1.99,-0.01,0.5,3,1.978,2.528,1.849,"30,010",2023-03-11 16:21:27.213795+00:00
,QISI,Islamic Ins,=,0.0,"1,300",8.598,8.6,8.318,"1,313",0.0,0,8.6,0.0,0.0,0,0.0,9.475,7.97,0,2023-03-11 16:21:27.213795+00:00
,ZHCD,Zad,=,14.5,"2,501",14.5,14.5,14.04,"1,000",14.03,981,14.5,0.0,0.0,3,14.27,20.95,13.4,"13,998",2023-03-11 16:21:27.213795+00:00
,QLMI,QLM,-,3.799,"1,116",3.47,3.331,3.3,"4,521",3.24,"153,435",3.6,-0.269,7.47,17,3.278,6.64,3.24,"503,035",2023-03-11 16:21:27.213795+00:00
,QGRI,General Ins,+,0.95,"24,950",0.95,0.95,0.89,"12,057",0.85,"24,881",0.938,0.012,1.28,5,0.852,2.199,0.85,"21,188",2023-03-11 16:21:27.213795+00:00
,QETF,QETF,+,10.666,"2,050",10.613,10.666,10.602,"2,041",10.586,"8,013",10.54,0.126,1.2,4,10.618,14.5,10.213,"85,080",2023-03-11 16:21:27.213795+00:00
,QATR,QATR,+,2.409,"82,986",2.41,2.407,2.407,"82,668",2.405,"167,800",2.405,0.002,0.08,7,2.407,3.194,2.092,"403,901",2023-03-11 16:21:27.213795+00:00
,ABQK,Ahli B,+,3.908,550,4.019,3.908,3.906,"10,000",3.908,"30,500",3.906,0.002,0.05,3,3.908,4.42,3.85,"119,194",2023-03-11 16:21:27.213795+00:00
,QCFS,Cinema,+,3.397,"3,670",3.397,3.397,3.06,"3,554",3.397,100,3.299,0.098,2.97,1,3.397,3.79,2.79,339,2023-03-11 16:21:27.213795+00:00
,ORDS,Ooredoo,-,9.163,"57,435",9.022,9.022,9.012,"1,231",9.012,"343,827",9.158,-0.136,1.49,280,9.054,10.69,7.001,"3,113,105",2023-03-12 16:21:27.193387+00:00
,UDCD,United Dev,-,1.13,"10,682",1.095,1.095,1.085,"100,000",1.06,"1,225,162",1.118,-0.023,2.06,117,1.099,1.662,1.06,"1,346,502",2023-03-12 16:21:27.193387+00:00
,DHBK,Doha B,-,1.698,"27,942",1.651,1.65,1.65,"181,832",1.65,"4,011,855",1.699,-0.049,2.88,291,1.663,2.85,1.58,"6,671,484",2023-03-12 16:21:27.193387+00:00
,MKDM,Mekdam Holding Group,-,7.4,"13,023",7.343,7.343,7.25,827,7.021,"69,674",7.4,-0.057,0.77,52,7.312,8.684,5.9,"509,484",2023-03-12 16:21:27.193387+00:00
,IQCD,Industries Qatar,-,14.39,"21,931",14.23,14.23,14.22,"25,347",14.2,"2,313,711",14.33,-0.1,0.7,932,14.24,20.35,12.7,"32,959,714",2023-03-12 16:21:27.193387+00:00
,MARK,Rayyan B,-,2.77,"20,000",2.749,2.74,2.74,"10,000",2.723,"8,666,996",2.792,-0.052,1.86,631,2.739,5.98,2.582,"23,742,479",2023-03-12 16:21:27.193387+00:00
,IGRD,Estithmar,-,1.965,"307,878",1.915,1.915,1.902,"31,553",1.868,"12,612,011",1.96,-0.045,2.3,622,1.901,2.765,1.423,"23,979,614",2023-03-12 16:21:27.193387+00:00
,QAMC,QAMCO,-,1.759,"6,500",1.723,1.722,1.722,"35,656",1.71,"3,981,441",1.759,-0.037,2.1,179,1.737,2.819,1.46,"6,916,428",2023-03-12 16:21:27.193387+00:00
,QNBK,QNB,-,16.6,"60,649",16.47,16.47,16.36,"1,274",16.25,"952,674",16.53,-0.06,0.36,577,16.42,27.0,15.54,"15,644,972",2023-03-12 16:21:27.193387+00:00
,QIBK,QIB,-,19.38,"3,891",18.66,18.66,18.61,500,18.6,"957,561",19.39,-0.73,3.77,463,18.73,28.0,17.9,"17,938,060",2023-03-12 16:21:27.193387+00:00
,GISS,Gulf Inter,-,1.883,"474,048",1.831,1.831,1.83,"8,891",1.83,"4,270,618",1.9,-0.069,3.63,188,1.849,2.348,1.449,"7,894,476",2023-03-12 16:21:27.193387+00:00
,QGMD,Qatar German Med,-,1.001,"37,679",0.978,0.966,0.966,"15,347",0.95,"3,403,513",1.007,-0.041,4.07,184,0.969,2.679,0.867,"3,296,998",2023-03-12 16:21:27.193387+00:00
,ERES,Ezdan,-,0.935,"12,138",0.909,0.914,0.9,"304,578",0.895,"3,507,065",0.94,-0.026,2.77,109,0.906,1.529,0.78,"3,176,206",2023-03-12 16:21:27.193387+00:00
,MRDS,Mazaya,-,0.6,"592,612",0.584,0.584,0.583,"109,000",0.575,"5,821,353",0.6,-0.016,2.67,129,0.581,1.003,0.522,"3,383,669",2023-03-12 16:21:27.193387+00:00
,DUBK,Dukhan Bank,-,3.093,"14,367",2.971,2.971,2.97,"120,000",2.968,"6,596,402",3.12,-0.149,4.78,675,3.011,4.0,2.84,"19,862,653",2023-03-12 16:21:27.193387+00:00
,MCCS,Mannai,-,6.394,"27,173",6.184,6.184,6.17,"80,000",6.1,"367,125",6.395,-0.211,3.3,97,6.162,14.79,5.592,"2,262,164",2023-03-12 16:21:27.193387+00:00
,QFBQ,Lesha Bank,-,0.904,"64,320",0.885,0.877,0.878,"5,000",0.871,"1,375,111",0.905,-0.028,3.09,58,0.883,1.94,0.803,"1,214,580",2023-03-12 16:21:27.193387+00:00
,QIGD,Investors,-,1.928,"162,922",1.876,1.876,1.871,"50,000",1.865,"989,700",1.917,-0.041,2.14,57,1.882,2.7,1.575,"1,862,420",2023-03-12 16:21:27.193387+00:00
,QFLS,Qatar Fuel,-,16.78,"5,552",16.56,16.55,16.55,"2,889",16.55,"116,649",16.74,-0.19,1.14,88,16.74,20.08,16.05,"1,952,542",2023-03-12 16:21:27.193387+00:00
,SIIS,Salam,-,0.568,"1,394,787",0.546,0.545,0.545,"31,463",0.542,"3,957,413",0.567,-0.022,3.88,116,0.551,1.154,0.481,"2,182,099",2023-03-12 16:21:27.193387+00:00
,BRES,Barwa,-,2.9,"2,000",2.874,2.857,2.857,"90,767",2.846,"612,022",2.9,-0.043,1.48,133,2.861,3.968,2.6,"1,751,293",2023-03-12 16:21:27.193387+00:00
,MPHC,Mesaied,-,2.22,"58,203",2.186,2.17,2.17,"22,399",2.151,"1,002,993",2.22,-0.05,2.25,198,2.167,3.127,1.995,"2,173,866",2023-03-12 16:21:27.193387+00:00
,VFQS,Vodafone,-,1.668,"50,000",1.640,1.635,1.635,"9,900",1.621,"3,174,091",1.654,-0.019,1.15,77,1.623,1.796,1.5,"5,150,100",2023-03-12 16:21:27.193387+00:00
,QIIK,QIIB,-,10.63,"2,000",10.36,10.27,10.27,"12,806",10.19,"947,730",10.61,-0.34,3.2,274,10.34,14.39,9.55,"9,802,521",2023-03-12 16:21:27.193387+00:00
,NLCS,Nat.leasing,-,0.69,"248,117",0.659,0.659,0.658,100,0.645,"10,177,501",0.685,-0.026,3.8,202,0.657,1.021,0.64,"6,687,405",2023-03-12 16:21:27.193387+00:00
,IHGS,Inma,+,3.35,"90,650",3.340,3.34,3.335,"4,902",2.971,"1,793,252",3.074,0.266,8.65,177,3.161,6.68,2.8,"5,668,901",2023-03-12 16:21:27.193387+00:00
,CBQK,Commercial B,-,6.394,"20,923",6.230,6.23,6.215,"11,486",6.13,"448,423",6.28,-0.05,0.8,201,6.248,8.699,4.8,"2,801,732",2023-03-12 16:21:27.193387+00:00
,DBIS,Dlala,-,0.74,"244,119",MP,0.72,0.0,0,0.72,"6,495,695",0.799,-0.079,9.89,190,0.724,2.027,0.72,"4,701,806",2023-03-12 16:21:27.193387+00:00
,QNCD,Q Cement,-,4.299,"21,018",4.299,4.299,4.14,"4,814",4.12,"61,981",4.339,-0.04,0.92,15,4.206,5.589,4.12,"260,670",2023-03-12 16:21:27.193387+00:00
,BLDN,Baladna,-,1.318,"5,257",1.307,1.307,1.302,"28,000",1.294,"1,061,893",1.313,-0.006,0.46,90,1.308,1.87,1.27,"1,389,474",2023-03-12 16:21:27.193387+00:00
,AKHI,Khaleej Ins,-,2.015,"19,534",1.999,1.999,1.985,"15,000",1.96,"900,678",2.005,-0.006,0.3,51,1.981,4.24,1.71,"1,784,009",2023-03-12 16:21:27.193387+00:00
,QGTS,Nakilat,-,3.521,"40,278",3.467,3.467,3.466,"6,642",3.45,"1,214,533",3.55,-0.083,2.34,146,3.473,4.23,3.315,"4,217,853",2023-03-12 16:21:27.193387+00:00
,GWCS,Warehousing,+,3.79,300,3.739,3.75,3.561,"1,185",3.477,"4,496",3.7,0.05,1.35,6,3.772,5.006,2.9,"16,957",2023-03-12 16:21:27.193387+00:00
,QEWS,Electricity &Water,-,17.62,"4,400",17.59,17.55,17.55,"13,098",17.52,"296,351",17.58,-0.03,0.17,240,17.58,20.0,16.76,"5,209,110",2023-03-12 16:21:27.193387+00:00
,QATI,Qatar Ins,-,1.65,"13,900",1.660,1.6,1.6,"25,000",1.6,"992,443",1.66,-0.06,3.61,59,1.615,2.59,1.5,"1,602,964",2023-03-12 16:21:27.193387+00:00
,QNNS,MILAHA,+,8.991,"1,608",8.973,8.785,8.785,"50,100",8.5,"2,047,938",8.69,0.095,1.09,316,8.801,12.66,7.755,"18,023,911",2023-03-12 16:21:27.193387+00:00
,MCGS,Medicare,-,6.165,500,6.088,6.099,5.98,"1,000",5.982,"116,690",6.148,-0.049,0.8,10,6.002,7.825,5.505,"700,378",2023-03-12 16:21:27.193387+00:00
,BEMA,Beema,+,4.1,"10,000",4.050,4.086,3.8,"5,000",4.086,33,3.899,0.187,4.8,2,4.089,5.6,3.6,134,2023-03-12 16:21:27.193387+00:00
,MERS,Al Meera,-,16.18,"1,275",16.14,15.9,15.95,"5,000",15.83,"8,719",16.01,-0.11,0.69,7,15.99,20.8,15.5,"139,458",2023-03-12 16:21:27.193387+00:00
,WDAM,Widam,-,1.401,"8,000",1.400,1.395,1.395,"19,836",1.395,"192,980",1.42,-0.025,1.76,22,1.4,3.405,1.302,"270,249",2023-03-12 16:21:27.193387+00:00
,QIMD,Ind.Manf Co,+,2.999,"4,534",2.985,2.985,2.96,"1,000",2.985,"5,332",2.984,0.001,0.03,3,2.986,4.149,2.823,"15,920",2023-03-12 16:21:27.193387+00:00
,QOIS,Qatar&Oman,+,0.56,"72,699",0.555,0.555,0.542,"20,200",0.54,"330,051",0.552,0.003,0.54,32,0.548,0.954,0.527,"180,989",2023-03-12 16:21:27.193387+00:00
,FALH,Al Faleh Education,+,1.089,"295,437",1.085,1.085,1.083,185,1.037,"215,450",1.046,0.039,3.73,24,1.059,1.718,1.006,"228,148",2023-03-12 16:21:27.193387+00:00
,AHCS,Aamal,-,0.9,"50,000",0.894,0.875,0.875,"13,575",0.872,"346,746",0.914,-0.039,4.27,21,0.884,1.33,0.872,"306,376",2023-03-12 16:21:27.193387+00:00
,DOHI,Doha Ins,-,1.95,"4,907",1.980,1.95,1.95,617,1.95,"4,383",1.98,-0.03,1.51,1,1.95,2.528,1.849,"8,546",2023-03-12 16:21:27.193387+00:00
,QISI,Islamic Ins,-,8.598,"8,284",8.598,8.598,8.223,"24,070",8.598,250,8.6,-0.002,0.02,1,8.598,9.475,7.97,"2,149",2023-03-12 16:21:27.193387+00:00
,ZHCD,Zad,-,14.2,"10,111",14.69,14.2,14.2,643,14.2,357,14.5,-0.3,2.07,1,14.2,20.95,13.4,"5,069",2023-03-12 16:21:27.193387+00:00
,QLMI,QLM,-,3.331,"9,765",3.600,3.24,3.242,"4,000",3.24,300,3.331,-0.091,2.73,3,3.316,6.64,3.24,994,2023-03-12 16:21:27.193387+00:00
,QGRI,General Ins,-,0.9,"5,000",0.950,0.895,0.9,"13,143",0.895,"71,857",0.95,-0.055,5.79,4,0.896,2.199,0.85,"64,387",2023-03-12 16:21:27.193387+00:00
,QETF,QETF,-,10.48,"2,035",10.426,10.43,10.402,"2,216",10.43,"5,972",10.666,-0.236,2.21,3,10.447,14.5,10.213,"62,388",2023-03-12 16:21:27.193387+00:00
,QATR,QATR,-,2.362,"84,028",2.362,2.362,2.359,"84,780",2.357,"43,010",2.407,-0.045,1.87,3,2.362,3.194,2.092,"101,589",2023-03-12 16:21:27.193387+00:00
,ABQK,Ahli B,-,3.906,"4,000",4.120,3.906,3.906,"10,000",3.906,"20,000",3.908,-0.002,0.05,2,3.906,4.42,3.85,"78,120",2023-03-12 16:21:27.193387+00:00
,QCFS,Cinema,=,0.0,"3,220",3.397,3.397,3.06,"3,554",0.0,0,3.397,0.0,0.0,0,0.0,3.79,2.79,0,2023-03-12 16:21:27.193387+00:00
,ORDS,Ooredoo,-,9.122,"195,276",9.000,9.0,8.911,"85,035",8.901,"760,468",9.022,-0.022,0.24,395,8.975,10.69,7.001,"6,825,361",2023-03-13 16:21:26.586547+00:00
,UDCD,United Dev,+,1.113,"314,096",1.099,1.099,1.086,"31,494",1.085,"1,817,579",1.095,0.004,0.36,147,1.097,1.662,1.06,"1,993,631",2023-03-13 16:21:26.586547+00:00
,DHBK,Doha B,=,1.684,"30,289",1.654,1.65,1.65,"40,000",1.649,"11,635,062",1.65,0.0,0.0,449,1.658,2.85,1.58,"19,287,870",2023-03-13 16:21:26.586547+00:00
,MKDM,Mekdam Holding Group,+,7.4,"17,978",7.400,7.378,7.378,721,7.104,"376,550",7.343,0.035,0.48,257,7.385,8.684,5.9,"2,780,658",2023-03-13 16:21:26.586547+00:00
,IQCD,Industries Qatar,+,14.38,"5,594",14.25,14.25,14.21,"12,468",14.18,"3,765,604",14.23,0.02,0.14,"1,563",14.27,20.35,12.7,"53,733,284",2023-03-13 16:21:26.586547+00:00
,MARK,Rayyan B,-,2.746,"20,060",2.719,2.719,2.717,"11,090",2.7,"14,461,543",2.74,-0.021,0.77,"1,561",2.724,5.98,2.582,"39,388,891",2023-03-13 16:21:26.586547+00:00
,IGRD,Estithmar,-,1.949,"588,758",1.894,1.894,1.893,"591,452",1.889,"7,781,754",1.915,-0.021,1.1,342,1.918,2.765,1.423,"14,927,855",2023-03-13 16:21:26.586547+00:00
,QAMC,QAMCO,+,1.75,"179,947",1.727,1.727,1.721,"22,846",1.711,"6,327,432",1.722,0.005,0.29,449,1.73,2.819,1.46,"10,944,580",2023-03-13 16:21:26.586547+00:00
,QNBK,QNB,-,16.53,"129,543",16.01,16.01,16.0,"164,268",15.82,"4,007,944",16.47,-0.46,2.79,"2,259",16.12,27.0,15.54,"64,609,573",2023-03-13 16:21:26.586547+00:00
,QIBK,QIB,-,18.89,"120,973",17.94,17.91,17.91,"373,022",17.83,"1,774,225",18.66,-0.75,4.02,838,18.3,28.0,17.83,"32,468,851",2023-03-13 16:21:26.586547+00:00
,GISS,Gulf Inter,-,1.855,"175,950",1.802,1.802,1.78,"257,000",1.78,"7,717,782",1.831,-0.029,1.58,311,1.814,2.348,1.449,"13,998,274",2023-03-13 16:21:26.586547+00:00
,QGMD,Qatar German Med,-,0.992,"32,157",0.952,0.942,0.942,"46,749",0.942,"1,277,946",0.966,-0.024,2.48,72,0.954,2.679,0.867,"1,219,775",2023-03-13 16:21:26.586547+00:00
,ERES,Ezdan,-,0.914,"15,199",0.885,0.883,0.883,"280,039",0.881,"4,093,718",0.914,-0.031,3.39,143,0.896,1.529,0.78,"3,667,533",2023-03-13 16:21:26.586547+00:00
,MRDS,Mazaya,-,0.59,"48,446",0.569,0.563,0.563,"714,237",0.563,"4,048,806",0.584,-0.021,3.6,98,0.574,1.003,0.522,"2,323,729",2023-03-13 16:21:26.586547+00:00
,DUBK,Dukhan Bank,-,3.045,"7,500",2.968,2.931,2.931,"37,748",2.931,"3,058,944",2.971,-0.04,1.35,322,2.969,4.0,2.84,"9,081,440",2023-03-13 16:21:26.586547+00:00
,MCCS,Mannai,-,6.25,"73,852",6.060,6.06,5.903,"1,850",5.902,"425,513",6.184,-0.124,2.0,107,6.115,14.79,5.592,"2,601,807",2023-03-13 16:21:26.586547+00:00
,QFBQ,Lesha Bank,-,0.887,"41,514",0.848,0.855,0.837,"5,000",0.793,"6,451,418",0.877,-0.022,2.51,115,0.847,1.902,0.793,"5,463,906",2023-03-13 16:21:26.586547+00:00
,QIGD,Investors,-,1.876,"68,107",1.859,1.859,1.845,"9,774",1.84,"2,790,004",1.876,-0.017,0.91,202,1.856,2.7,1.575,"5,179,450",2023-03-13 16:21:26.586547+00:00
,QFLS,Qatar Fuel,-,16.89,"5,103",16.35,16.32,16.32,"10,486",16.22,"565,266",16.55,-0.23,1.39,462,16.54,20.08,16.05,"9,351,077",2023-03-13 16:21:26.586547+00:00
,SIIS,Salam,-,0.555,"200,359",0.545,0.537,0.537,"110,000",0.537,"5,776,318",0.545,-0.008,1.47,106,0.546,1.154,0.481,"3,152,575",2023-03-13 16:21:26.586547+00:00
,BRES,Barwa,-,2.896,"30,641",2.849,2.849,2.824,"2,022",2.824,"2,424,727",2.857,-0.008,0.28,661,2.862,3.968,2.6,"6,938,581",2023-03-13 16:21:26.586547+00:00
,MPHC,Mesaied,-,2.068,"1,995",2.068,2.068,2.05,"18,610",2.029,"13,808,975",2.17,-0.102,4.7,524,2.04,3.127,1.995,"28,176,924",2023-03-13 16:21:26.586547+00:00
,VFQS,Vodafone,+,1.65,"284,987",1.647,1.647,1.635,"20,000",1.629,"1,002,494",1.635,0.012,0.73,143,1.639,1.796,1.5,"1,643,157",2023-03-13 16:21:26.586547+00:00
,QIIK,QIIB,+,10.34,"8,608",10.32,10.3,10.3,"10,000",10.27,"2,361,631",10.27,0.03,0.29,356,10.3,14.39,9.55,"24,324,594",2023-03-13 16:21:26.586547+00:00
,NLCS,Nat.leasing,-,0.666,"130,000",0.650,0.647,0.647,"24,748",0.646,"6,608,041",0.659,-0.012,1.82,175,0.654,1.021,0.64,"4,323,689",2023-03-13 16:21:26.586547+00:00
,IHGS,Inma,+,3.579,"26,556",3.350,3.35,3.25,"5,000",3.25,"2,329,016",3.34,0.01,0.3,173,3.487,6.68,2.8,"8,121,986",2023-03-13 16:21:26.586547+00:00
,CBQK,Commercial B,-,6.279,"32,664",6.199,6.199,6.195,"2,077",6.101,"3,034,836",6.23,-0.031,0.5,670,6.218,8.699,4.8,"18,871,886",2023-03-13 16:21:26.586547+00:00
,DBIS,Dlala,-,0.734,"276,692",0.704,0.704,0.69,"322,897",0.681,"2,951,271",0.72,-0.016,2.22,112,0.713,2.027,0.681,"2,105,592",2023-03-13 16:21:26.586547+00:00
,QNCD,Q Cement,-,4.298,"110,894",4.281,4.281,4.155,"3,224",4.143,"261,316",4.299,-0.018,0.42,48,4.178,5.589,4.12,"1,091,776",2023-03-13 16:21:26.586547+00:00
,BLDN,Baladna,+,1.333,"133,989",1.318,1.318,1.314,"50,000",1.298,"1,180,199",1.307,0.011,0.84,112,1.319,1.87,1.27,"1,556,228",2023-03-13 16:21:26.586547+00:00
,AKHI,Khaleej Ins,-,2.025,"24,605",1.944,1.944,1.922,"5,000",1.92,"292,293",1.999,-0.055,2.75,39,1.968,4.24,1.71,"575,089",2023-03-13 16:21:26.586547+00:00
,QGTS,Nakilat,-,3.485,"100,000",3.475,3.38,3.38,"884,047",3.38,"4,747,997",3.467,-0.087,2.51,653,3.431,4.23,3.315,"16,291,863",2023-03-13 16:21:26.586547+00:00
,GWCS,Warehousing,+,3.775,"36,570",3.760,3.76,3.55,"5,000",3.43,"29,805",3.75,0.01,0.27,6,3.754,5.006,2.9,"111,882",2023-03-13 16:21:26.586547+00:00
,QEWS,Electricity &Water,+,17.66,"8,000",17.58,17.56,17.56,"2,136",17.41,"776,562",17.55,0.01,0.06,610,17.57,20.0,16.76,"13,645,212",2023-03-13 16:21:26.586547+00:00
,QATI,Qatar Ins,-,1.648,"41,589",1.599,1.599,1.58,"25,000",1.599,"862,464",1.6,-0.001,0.06,64,1.605,2.59,1.5,"1,384,352",2023-03-13 16:21:26.586547+00:00
,QNNS,MILAHA,-,8.75,"4,183",8.680,8.68,8.351,"1,100",8.151,"1,016,340",8.785,-0.105,1.2,347,8.683,12.66,7.755,"8,824,553",2023-03-13 16:21:26.586547+00:00
,MCGS,Medicare,+,6.138,"28,124",6.138,6.138,5.853,"1,000",5.85,"63,572",6.099,0.039,0.64,34,6.009,7.825,5.505,"382,002",2023-03-13 16:21:26.586547+00:00
,BEMA,Beema,-,4.049,"1,000",4.040,3.78,3.78,"2,944",3.78,"82,688",4.086,-0.306,7.49,26,3.821,5.6,3.6,"315,953",2023-03-13 16:21:26.586547+00:00
,MERS,Al Meera,+,16.3,"7,335",16.30,16.3,16.11,900,15.9,"41,908",15.9,0.4,2.52,67,16.09,20.8,15.5,"674,181",2023-03-13 16:21:26.586547+00:00
,WDAM,Widam,-,1.407,"8,753",1.383,1.36,1.363,"10,000",1.36,"543,806",1.395,-0.035,2.51,27,1.389,3.405,1.302,"755,223",2023-03-13 16:21:26.586547+00:00
,QIMD,Ind.Manf Co,-,2.949,"1,127",2.917,2.771,2.774,"24,000",2.771,"33,940",2.985,-0.214,7.17,5,2.883,4.149,2.771,"97,840",2023-03-13 16:21:26.586547+00:00
,QOIS,Qatar&Oman,-,0.553,"3,089",0.545,0.54,0.54,94,0.54,"316,108",0.555,-0.015,2.7,21,0.542,0.954,0.527,"171,232",2023-03-13 16:21:26.586547+00:00
,FALH,Al Faleh Education,-,1.089,"33,399",1.057,1.057,1.021,"12,995",1.001,"123,250",1.085,-0.028,2.58,15,1.051,1.718,1.001,"129,567",2023-03-13 16:21:26.586547+00:00
,AHCS,Aamal,=,0.9,"192,246",0.875,0.875,0.871,"11,606",0.871,"364,534",0.875,0.0,0.0,49,0.877,1.33,0.871,"319,613",2023-03-13 16:21:26.586547+00:00
,DOHI,Doha Ins,=,1.95,"80,651",1.950,1.95,1.81,"6,116",1.82,"60,154",1.95,0.0,0.0,8,1.848,2.528,1.82,"111,135",2023-03-13 16:21:26.586547+00:00
,QISI,Islamic Ins,-,8.5,907,8.499,8.5,8.226,"30,000",8.5,"1,088",8.598,-0.098,1.14,2,8.5,9.475,7.97,"9,248",2023-03-13 16:21:26.586547+00:00
,ZHCD,Zad,=,0.0,55,14.64,14.2,14.2,643,0.0,0,14.2,0.0,0.0,0,0.0,20.95,13.4,0,2023-03-13 16:21:26.586547+00:00
,QLMI,QLM,+,3.3,"1,765",3.300,3.241,3.241,"24,400",3.24,"3,869",3.24,0.001,0.03,4,3.284,6.64,3.24,"12,707",2023-03-13 16:21:26.586547+00:00
,QGRI,General Ins,=,0.0,"20,000",0.950,0.895,0.9,"7,934",0.0,0,0.895,0.0,0.0,0,0.0,2.199,0.85,0,2023-03-13 16:21:26.586547+00:00
,QETF,QETF,-,10.43,"2,187",10.249,10.26,10.233,"2,268",10.26,"59,490",10.43,-0.17,1.63,32,10.343,14.5,10.213,"615,290",2023-03-13 16:21:26.586547+00:00
,QATR,QATR,-,2.354,"84,980",2.333,2.343,2.33,"85,836",2.343,"6,367",2.362,-0.019,0.8,6,2.347,3.194,2.092,"14,941",2023-03-13 16:21:26.586547+00:00
,ABQK,Ahli B,-,3.906,"6,000",4.120,3.905,3.905,"28,804",3.905,"42,352",3.906,-0.001,0.03,3,3.905,4.42,3.85,"165,394",2023-03-13 16:21:26.586547+00:00
,QCFS,Cinema,=,0.0,"2,000",3.394,3.397,3.06,"3,554",0.0,0,3.397,0.0,0.0,0,0.0,3.79,2.79,0,2023-03-13 16:21:26.586547+00:00
,ORDS,Ooredoo,-,9.007,"10,543",8.832,8.75,8.75,"10,000",8.45,"2,428,062",9.0,-0.25,2.78,699,8.781,10.69,7.001,"21,320,283",2023-03-14 16:21:26.511670+00:00
,UDCD,United Dev,-,1.082,"10,000",1.054,1.054,1.051,"93,000",1.052,"1,725,494",1.099,-0.045,4.09,150,1.072,1.63,1.052,"1,849,539",2023-03-14 16:21:26.511670+00:00
,DHBK,Doha B,-,1.679,"27,470",1.629,1.629,1.627,"5,500",1.625,"4,575,327",1.65,-0.021,1.27,291,1.641,2.85,1.58,"7,509,907",2023-03-14 16:21:26.511670+00:00
,MKDM,Mekdam Holding Group,-,7.385,"1,431",7.340,7.337,7.323,"1,036",7.251,"31,029",7.378,-0.041,0.56,17,7.332,8.684,5.9,"227,516",2023-03-14 16:21:26.511670+00:00
,IQCD,Industries Qatar,-,14.29,"22,743",14.10,14.06,14.06,"706,838",14.01,"6,597,941",14.25,-0.19,1.33,"1,582",14.07,20.35,12.7,"92,848,220",2023-03-14 16:21:26.511670+00:00
,MARK,Rayyan B,-,2.721,"50,000",2.640,2.619,2.619,"224,073",2.619,"15,099,071",2.719,-0.1,3.68,"1,733",2.676,5.98,2.582,"40,407,019",2023-03-14 16:21:26.511670+00:00
,IGRD,Estithmar,-,1.886,"135,753",1.790,1.78,1.78,"22,015",1.778,"17,476,131",1.894,-0.114,6.02,629,1.814,2.765,1.423,"31,709,000",2023-03-14 16:21:26.511670+00:00
,QAMC,QAMCO,-,1.71,"4,950",1.668,1.663,1.663,"155,269",1.66,"5,947,921",1.727,-0.064,3.71,352,1.673,2.819,1.46,"9,948,142",2023-03-14 16:21:26.511670+00:00
,QNBK,QNB,-,16.2,"6,297",15.88,15.75,15.75,"54,690",15.61,"3,335,856",16.01,-0.26,1.62,"2,309",15.8,27.0,15.54,"52,705,173",2023-03-14 16:21:26.511670+00:00
,QIBK,QIB,-,18.3,"6,000",17.83,17.53,17.53,"184,157",17.53,"1,608,992",17.91,-0.38,2.12,"1,279",17.89,28.0,17.53,"28,778,848",2023-03-14 16:21:26.511670+00:00
,GISS,Gulf Inter,-,1.709,"42,591",1.679,1.679,1.665,"28,563",1.66,"4,238,299",1.802,-0.123,6.83,199,1.69,2.348,1.449,"7,163,173",2023-03-14 16:21:26.511670+00:00
,QGMD,Qatar German Med,-,0.942,"32,557",0.909,0.9,0.9,"935,935",0.891,"2,629,669",0.942,-0.042,4.46,161,0.909,2.679,0.867,"2,391,181",2023-03-14 16:21:26.511670+00:00
,ERES,Ezdan,-,0.899,"1,071",0.850,0.85,0.845,"5,000",0.841,"5,270,230",0.883,-0.033,3.74,135,0.857,1.529,0.78,"4,518,901",2023-03-14 16:21:26.511670+00:00
,MRDS,Mazaya,-,0.569,"437,972",0.560,0.56,0.556,"400,000",0.554,"3,816,831",0.563,-0.003,0.53,73,0.559,1.003,0.522,"2,134,862",2023-03-14 16:21:26.511670+00:00
,DUBK,Dukhan Bank,-,2.936,"110,624",2.890,2.89,2.88,"21,000",2.88,"2,269,338",2.931,-0.041,1.4,374,2.915,4.0,2.84,"6,614,794",2023-03-14 16:21:26.511670+00:00
,MCCS,Mannai,-,5.99,"3,000",5.700,5.7,5.68,948,5.68,"687,481",6.06,-0.36,5.94,136,5.742,14.79,5.592,"3,947,480",2023-03-14 16:21:26.511670+00:00
,QFBQ,Lesha Bank,-,0.84,"291,299",0.830,0.83,0.817,"1,259,458",0.811,"1,868,223",0.855,-0.025,2.92,101,0.821,1.902,0.793,"1,533,289",2023-03-14 16:21:26.511670+00:00
,QIGD,Investors,-,1.842,"313,584",1.800,1.8,1.793,"11,500",1.793,"1,676,093",1.859,-0.059,3.17,109,1.807,2.7,1.575,"3,028,583",2023-03-14 16:21:26.511670+00:00
,QFLS,Qatar Fuel,+,16.85,"100,330",16.50,16.5,16.47,"1,604",16.01,"773,634",16.32,0.18,1.1,535,16.3,20.08,16.01,"12,608,419",2023-03-14 16:21:26.511670+00:00
,SIIS,Salam,-,0.531,"86,646",0.517,0.517,0.515,"27,115",0.515,"3,260,431",0.537,-0.02,3.72,92,0.522,1.154,0.481,"1,701,127",2023-03-14 16:21:26.511670+00:00
,BRES,Barwa,-,2.889,"10,000",2.790,2.78,2.78,"1,684",2.78,"1,462,632",2.849,-0.069,2.42,408,2.808,3.968,2.6,"4,106,666",2023-03-14 16:21:26.511670+00:00
,MPHC,Mesaied,-,2.065,"48,780",2.050,2.044,2.044,"99,053",2.031,"2,245,571",2.068,-0.024,1.16,398,2.045,3.127,1.995,"4,592,269",2023-03-14 16:21:26.511670+00:00
,VFQS,Vodafone,-,1.65,"58,250",1.643,1.643,1.635,"919,162",1.618,"3,013,872",1.647,-0.004,0.24,123,1.637,1.796,1.5,"4,932,499",2023-03-14 16:21:26.511670+00:00
,QIIK,QIIB,-,10.32,"9,756",10.25,10.15,10.15,"6,292",10.05,"1,661,545",10.3,-0.15,1.46,"1,025",10.19,14.39,9.55,"16,925,019",2023-03-14 16:21:26.511670+00:00
,NLCS,Nat.leasing,-,0.65,"23,532",0.640,0.635,0.635,"275,052",0.633,"1,854,896",0.647,-0.012,1.85,76,0.637,1.021,0.633,"1,181,658",2023-03-14 16:21:26.511670+00:00
,IHGS,Inma,-,3.2,"20,070",3.145,3.113,3.113,"99,829",3.11,"496,208",3.35,-0.237,7.08,46,3.132,6.68,2.8,"1,553,920",2023-03-14 16:21:26.511670+00:00
,CBQK,Commercial B,-,6.249,"16,170",6.184,6.16,6.1,"12,500",6.1,"3,092,898",6.199,-0.039,0.63,"1,025",6.174,8.699,4.8,"19,095,766",2023-03-14 16:21:26.511670+00:00
,DBIS,Dlala,+,0.728,"33,000",0.722,0.708,0.708,"490,418",0.699,"2,602,935",0.704,0.004,0.57,116,0.711,2.027,0.681,"1,850,541",2023-03-14 16:21:26.511670+00:00
,QNCD,Q Cement,-,4.277,"4,249",4.177,4.13,4.13,"1,456",4.13,"11,083",4.281,-0.151,3.53,8,4.14,5.589,4.12,"45,882",2023-03-14 16:21:26.511670+00:00
,BLDN,Baladna,-,1.31,"363,654",1.310,1.31,1.282,"20,000",1.281,"1,356,477",1.318,-0.008,0.61,84,1.299,1.87,1.27,"1,761,986",2023-03-14 16:21:26.511670+00:00
,AKHI,Khaleej Ins,-,1.92,"14,111",1.855,1.855,1.836,"6,000",1.855,"814,944",1.944,-0.089,4.58,53,1.881,4.24,1.71,"1,532,858",2023-03-14 16:21:26.511670+00:00
,QGTS,Nakilat,-,3.315,"54,202",3.199,3.15,3.15,"67,806",3.15,"4,378,219",3.38,-0.23,6.8,941,3.205,4.23,3.15,"14,033,253",2023-03-14 16:21:26.511670+00:00
,GWCS,Warehousing,-,3.648,"9,300",3.700,3.537,3.537,"38,507",3.512,"41,810",3.76,-0.223,5.93,9,3.554,5.006,2.9,"148,607",2023-03-14 16:21:26.511670+00:00
,QEWS,Electricity &Water,-,17.57,"1,465",17.47,17.43,17.43,"3,840",17.4,"753,807",17.56,-0.13,0.74,907,17.44,20.0,16.76,"13,149,397",2023-03-14 16:21:26.511670+00:00
,QATI,Qatar Ins,-,1.581,"5,026",1.569,1.56,1.56,"20,000",1.56,"424,572",1.599,-0.039,2.44,64,1.577,2.59,1.5,"669,442",2023-03-14 16:21:26.511670+00:00
,QNNS,MILAHA,+,8.857,"19,000",8.800,8.8,8.3,"1,111",8.201,"517,193",8.68,0.12,1.38,173,8.72,12.66,7.755,"4,509,993",2023-03-14 16:21:26.511670+00:00
,MCGS,Medicare,-,6.0,337,5.999,6.0,5.9,"1,300",5.89,"7,755",6.138,-0.138,2.25,4,5.968,7.825,5.505,"46,281",2023-03-14 16:21:26.511670+00:00
,BEMA,Beema,=,0.0,"1,000",3.900,3.78,3.75,"5,000",0.0,0,3.78,0.0,0.0,0,0.0,5.6,3.6,0,2023-03-14 16:21:26.511670+00:00
,MERS,Al Meera,-,15.99,52,14.75,14.7,14.7,20,14.67,"1,266,170",16.3,-1.6,9.82,293,14.92,19.72,14.67,"18,889,420",2023-03-14 16:21:26.511670+00:00
,WDAM,Widam,-,1.36,"5,000",1.320,1.311,1.314,"10,000",1.304,"439,310",1.36,-0.049,3.6,34,1.324,3.405,1.302,"581,497",2023-03-14 16:21:26.511670+00:00
,QIMD,Ind.Manf Co,+,2.8,"7,850",2.800,2.8,2.71,"4,169",2.71,"54,632",2.771,0.029,1.05,10,2.787,4.149,2.71,"152,265",2023-03-14 16:21:26.511670+00:00
,QOIS,Qatar&Oman,=,0.547,"59,547",0.540,0.54,0.52,"18,940",0.52,"416,515",0.54,0.0,0.0,22,0.538,0.944,0.52,"223,906",2023-03-14 16:21:26.511670+00:00
,FALH,Al Faleh Education,-,1.069,"37,783",1.041,1.041,1.031,"15,201",1.01,"306,830",1.057,-0.016,1.51,23,1.035,1.718,1.001,"317,471",2023-03-14 16:21:26.511670+00:00
,AHCS,Aamal,+,0.888,"16,500",0.887,0.888,0.842,650,0.86,"163,173",0.875,0.013,1.49,9,0.861,1.327,0.86,"140,512",2023-03-14 16:21:26.511670+00:00
,DOHI,Doha Ins,+,1.99,"4,958",1.977,1.98,1.825,"2,000",1.98,"2,071",1.95,0.03,1.54,3,1.987,2.528,1.82,"4,115",2023-03-14 16:21:26.511670+00:00
,QISI,Islamic Ins,=,0.0,907,8.495,8.5,8.23,"1,500",0.0,0,8.5,0.0,0.0,0,0.0,9.475,7.97,0,2023-03-14 16:21:26.511670+00:00
,ZHCD,Zad,+,14.64,"1,000",14.50,14.3,14.3,"4,242",14.2,"31,401",14.2,0.1,0.7,12,14.52,20.95,13.4,"455,770",2023-03-14 16:21:26.511670+00:00
,QLMI,QLM,=,0.0,"3,746",3.300,3.241,3.24,34,0.0,0,3.241,0.0,0.0,0,0.0,6.64,3.24,0,2023-03-14 16:21:26.511670+00:00
,QGRI,General Ins,=,0.0,"15,000",0.910,0.895,0.88,"2,239",0.0,0,0.895,0.0,0.0,0,0.0,2.199,0.85,0,2023-03-14 16:21:26.511670+00:00
,QETF,QETF,-,10.185,"2,294",10.117,10.14,10.106,"2,209",10.14,"24,698",10.26,-0.12,1.17,12,10.159,14.5,10.14,"250,906",2023-03-14 16:21:26.511670+00:00
,QATR,QATR,-,2.317,"86,918",2.301,2.308,2.3,"43,488",2.308,"206,600",2.343,-0.035,1.49,12,2.314,3.194,2.092,"478,063",2023-03-14 16:21:26.511670+00:00
,ABQK,Ahli B,=,3.905,"5,500",4.150,3.905,3.905,"5,000",3.905,"49,648",3.905,0.0,0.0,4,3.905,4.42,3.85,"193,875",2023-03-14 16:21:26.511670+00:00
,QCFS,Cinema,-,3.397,"1,511",3.393,3.3,3.06,"2,554",3.06,"3,069",3.397,-0.097,2.85,4,3.23,3.79,2.79,"9,912",2023-03-14 16:21:26.511670+00:00
,ORDS,Ooredoo,-,8.839,"22,243",8.710,8.710,8.611,"1,000",8.547,"1,068,819",8.750,-0.040,0.46,595,8.674,10.69,7.001,"9,270,838",2023-03-15 16:21:26.406709+00:00
,UDCD,United Dev,-,1.066,"5,000",1.055,1.044,1.044,"5,000",1.042,"1,080,934",1.054,-0.010,0.95,95,1.049,1.630,1.042,"1,134,087",2023-03-15 16:21:26.406709+00:00
,DHBK,Doha B,-,1.600,"27,688",1.562,1.561,1.561,"26,438",1.551,"4,040,116",1.629,-0.068,4.17,249,1.572,2.850,1.551,"6,352,401",2023-03-15 16:21:26.406709+00:00
,MKDM,Mekdam Holding Group,+,7.400,"20,750",7.400,7.400,7.393,"1,595",7.207,"417,567",7.337,0.063,0.86,253,7.385,8.684,5.900,"3,083,629",2023-03-15 16:21:26.406709+00:00
,IQCD,Industries Qatar,+,14.24,"144,452",14.12,14.12,14.06,"261,000",14.00,"5,258,821",14.06,0.06,0.43,"1,652",14.10,20.35,12.70,"74,129,607",2023-03-15 16:21:26.406709+00:00
,MARK,Rayyan B,-,2.653,"47,712",2.594,2.592,2.592,"748,552",2.592,"9,731,505",2.619,-0.027,1.03,"1,157",2.614,5.980,2.582,"25,442,988",2023-03-15 16:21:26.406709+00:00
,IGRD,Estithmar,-,1.863,"105,688",1.755,1.755,1.754,"10,000",1.755,"9,072,286",1.780,-0.025,1.40,401,1.799,2.765,1.423,"16,323,493",2023-03-15 16:21:26.406709+00:00
,QAMC,QAMCO,-,1.699,"198,793",1.659,1.642,1.642,"79,220",1.640,"4,509,445",1.663,-0.021,1.26,254,1.657,2.819,1.460,"7,471,394",2023-03-15 16:21:26.406709+00:00
,QNBK,QNB,-,16.13,"4,918",15.67,15.66,15.66,"12,000",15.66,"3,836,988",15.75,-0.09,0.57,"2,389",15.80,27.00,15.54,"60,636,731",2023-03-15 16:21:26.406709+00:00
,QIBK,QIB,+,18.25,"9,157",17.72,17.61,17.61,"16,162",17.60,"1,201,594",17.53,0.08,0.46,965,17.87,28.00,17.53,"21,467,535",2023-03-15 16:21:26.406709+00:00
,GISS,Gulf Inter,-,1.699,"105,893",1.650,1.650,1.640,"10,000",1.650,"3,407,830",1.679,-0.029,1.73,115,1.670,2.348,1.449,"5,689,876",2023-03-15 16:21:26.406709+00:00
,QGMD,Qatar German Med,-,0.932,"24,398",0.885,0.878,0.878,"68,230",0.878,"3,162,668",0.900,-0.022,2.44,121,0.897,2.679,0.867,"2,837,590",2023-03-15 16:21:26.406709+00:00
,ERES,Ezdan,-,0.866,"61,238",0.848,0.840,0.840,"27,000",0.840,"1,217,534",0.850,-0.010,1.18,79,0.850,1.529,0.780,"1,035,381",2023-03-15 16:21:26.406709+00:00
,MRDS,Mazaya,-,0.569,"220,656",0.546,0.546,0.542,"1,000",0.545,"8,410,216",0.560,-0.014,2.50,137,0.555,1.003,0.522,"4,663,935",2023-03-15 16:21:26.406709+00:00
,DUBK,Dukhan Bank,+,2.990,"20,000",2.903,2.900,2.900,"239,319",2.900,"5,732,908",2.890,0.010,0.35,754,2.912,4.000,2.840,"16,696,881",2023-03-15 16:21:26.406709+00:00
,MCCS,Mannai,-,5.879,"14,976",5.677,5.677,5.660,"1,824",5.601,"436,186",5.700,-0.023,0.40,113,5.738,14.79,5.592,"2,502,631",2023-03-15 16:21:26.406709+00:00
,QFBQ,Lesha Bank,-,0.843,"139,671",0.823,0.823,0.812,"128,907",0.812,"873,048",0.830,-0.007,0.84,39,0.825,1.902,0.793,"720,420",2023-03-15 16:21:26.406709+00:00
,QIGD,Investors,-,1.819,"86,174",1.770,1.770,1.765,"10,000",1.770,"1,591,848",1.800,-0.030,1.67,93,1.787,2.700,1.575,"2,845,219",2023-03-15 16:21:26.406709+00:00
,QFLS,Qatar Fuel,-,16.50,705,16.21,16.21,16.20,"56,902",16.20,"461,321",16.50,-0.29,1.76,413,16.33,20.08,16.01,"7,533,671",2023-03-15 16:21:26.406709+00:00
,SIIS,Salam,+,0.528,"92,960",0.519,0.519,0.515,"20,000",0.515,"3,096,294",0.517,0.002,0.39,87,0.521,1.154,0.481,"1,613,283",2023-03-15 16:21:26.406709+00:00
,BRES,Barwa,-,2.810,"5,000",2.755,2.755,2.750,"15,500",2.755,"1,255,573",2.780,-0.025,0.90,303,2.779,3.968,2.600,"3,489,700",2023-03-15 16:21:26.406709+00:00
,MPHC,Mesaied,-,2.060,"49,140",2.035,2.001,2.001,"174,555",2.001,"2,501,937",2.044,-0.043,2.10,386,2.028,3.127,1.995,"5,073,265",2023-03-15 16:21:26.406709+00:00
,VFQS,Vodafone,+,1.666,"136,687",1.660,1.660,1.651,"75,000",1.605,"2,309,469",1.643,0.017,1.03,93,1.651,1.796,1.500,"3,812,773",2023-03-15 16:21:26.406709+00:00
,QIIK,QIIB,-,9.956,"10,416",9.600,9.561,9.561,"41,053",9.556,"1,148,158",10.15,-0.589,5.80,429,9.757,14.39,9.550,"11,202,342",2023-03-15 16:21:26.406709+00:00
,NLCS,Nat.leasing,-,0.659,267,0.631,0.631,0.630,"211,000",0.631,"1,002,175",0.635,-0.004,0.63,50,0.637,1.021,0.631,"638,240",2023-03-15 16:21:26.406709+00:00
,IHGS,Inma,-,3.113,"3,547",3.019,3.019,3.006,"1,000",3.005,"187,299",3.113,-0.094,3.02,28,3.051,6.680,2.800,"571,495",2023-03-15 16:21:26.406709+00:00
,CBQK,Commercial B,-,6.200,"97,402",6.105,6.105,6.102,"1,203",6.100,"3,257,916",6.160,-0.055,0.89,"1,063",6.113,8.699,4.800,"19,914,563",2023-03-15 16:21:26.406709+00:00
,DBIS,Dlala,-,0.728,"181,556",0.720,0.706,0.706,"11,836",0.701,"400,113",0.708,-0.002,0.28,28,0.717,2.027,0.681,"286,839",2023-03-15 16:21:26.406709+00:00
,QNCD,Q Cement,-,4.176,"3,190",4.168,4.005,4.005,"2,221",4.005,"137,550",4.130,-0.125,3.03,53,4.090,5.589,4.005,"562,562",2023-03-15 16:21:26.406709+00:00
,BLDN,Baladna,-,1.310,"36,500",1.300,1.300,1.291,"11,630",1.282,"1,047,760",1.310,-0.010,0.76,51,1.297,1.870,1.270,"1,359,165",2023-03-15 16:21:26.406709+00:00
,AKHI,Khaleej Ins,+,1.925,"16,168",1.877,1.877,1.870,"2,000",1.877,"315,347",1.855,0.022,1.19,43,1.886,4.240,1.710,"594,747",2023-03-15 16:21:26.406709+00:00
,QGTS,Nakilat,+,3.280,"130,000",3.200,3.200,3.195,"100,000",3.186,"3,175,564",3.150,0.050,1.59,533,3.201,4.230,3.150,"10,164,402",2023-03-15 16:21:26.406709+00:00
,GWCS,Warehousing,+,3.890,"41,635",3.780,3.780,3.555,"5,000",3.500,"63,177",3.537,0.243,6.87,16,3.654,5.006,2.900,"230,827",2023-03-15 16:21:26.406709+00:00
,QEWS,Electricity &Water,-,16.50,"100,471",16.40,16.40,16.30,"16,475",16.00,"1,501,618",17.43,-1.03,5.91,"1,008",16.34,20.00,16.00,"24,538,730",2023-03-15 16:21:26.406709+00:00
,QATI,Qatar Ins,=,1.625,"19,000",1.599,1.560,1.560,"21,363",1.560,"4,941,471",1.560,0.000,0.00,129,1.597,2.590,1.500,"7,889,434",2023-03-15 16:21:26.406709+00:00
,QNNS,MILAHA,-,8.900,"14,223",8.589,8.589,8.555,4,8.386,"554,335",8.800,-0.211,2.40,216,8.611,12.66,7.755,"4,773,556",2023-03-15 16:21:26.406709+00:00
,MCGS,Medicare,=,0.00,"5,337",5.999,6.000,5.869,"1,400",0.00,0,6.000,0.000,0.00,0,0.00,7.825,5.505,0,2023-03-15 16:21:26.406709+00:00
,BEMA,Beema,+,3.800,"13,297",4.049,3.800,3.800,"6,259",3.800,"8,741",3.780,0.020,0.53,2,3.800,5.600,3.600,"33,215",2023-03-15 16:21:26.406709+00:00
,MERS,Al Meera,=,15.50,"41,068",14.70,14.70,14.63,700,14.62,"186,153",14.70,0.00,0.00,112,14.79,19.45,14.62,"2,753,355",2023-03-15 16:21:26.406709+00:00
,WDAM,Widam,-,1.324,"16,115",1.307,1.288,1.288,"37,393",1.284,"428,664",1.311,-0.023,1.75,19,1.303,3.405,1.284,"558,631",2023-03-15 16:21:26.406709+00:00
,QIMD,Ind.Manf Co,+,2.850,"8,000",2.800,2.849,2.720,"3,317",2.710,"1,565",2.800,0.049,1.75,5,2.846,4.149,2.710,"4,453",2023-03-15 16:21:26.406709+00:00
,QOIS,Qatar&Oman,-,0.548,"31,537",0.520,0.519,0.519,"53,127",0.512,"698,600",0.540,-0.021,3.89,44,0.524,0.924,0.512,"366,065",2023-03-15 16:21:26.406709+00:00
,FALH,Al Faleh Education,+,1.060,"14,990",1.060,1.060,1.024,"10,000",1.024,"30,212",1.041,0.019,1.82,4,1.059,1.718,1.001,"32,009",2023-03-15 16:21:26.406709+00:00
,AHCS,Aamal,-,0.899,"91,253",0.880,0.880,0.850,"13,000",0.870,"23,067",0.888,-0.008,0.90,9,0.880,1.327,0.860,"20,294",2023-03-15 16:21:26.406709+00:00
,DOHI,Doha Ins,=,0.00,"5,691",1.970,1.980,1.802,"34,960",0.00,0,1.980,0.000,0.00,0,0.00,2.528,1.820,0,2023-03-15 16:21:26.406709+00:00
,QISI,Islamic Ins,+,8.520,"1,330",8.500,8.520,8.227,"1,326",8.500,"7,460",8.500,0.020,0.23,7,8.509,9.475,7.970,"63,475",2023-03-15 16:21:26.406709+00:00
,ZHCD,Zad,+,14.50,"14,100",14.45,14.45,14.30,70,14.30,"6,000",14.30,0.15,1.05,3,14.49,20.95,13.40,"86,935",2023-03-15 16:21:26.406709+00:00
,QLMI,QLM,-,3.565,"3,746",3.350,3.240,0.00,0,3.240,"16,647",3.241,-0.001,0.03,5,3.253,6.640,3.240,"54,144",2023-03-15 16:21:26.406709+00:00
,QGRI,General Ins,-,0.984,"1,076",0.850,0.850,0.841,"25,000",0.850,"249,072",0.895,-0.045,5.03,17,0.859,2.199,0.850,"213,917",2023-03-15 16:21:26.406709+00:00
,QETF,QETF,+,10.185,"2,748",10.165,10.165,0.00,0,10.155,"15,200",10.140,0.025,0.25,9,10.168,14.500,10.140,"154,550",2023-03-15 16:21:26.406709+00:00
,QATR,QATR,-,2.324,932,2.300,2.300,0.00,0,2.300,"286,068",2.308,-0.008,0.35,9,2.317,3.194,2.092,"662,756",2023-03-15 16:21:26.406709+00:00
,ABQK,Ahli B,+,3.915,"5,000",4.050,3.915,3.915,"20,000",3.905,"164,216",3.905,0.010,0.26,10,3.907,4.420,3.850,"641,589",2023-03-15 16:21:26.406709+00:00
,QCFS,Cinema,=,0.00,"3,320",3.298,3.300,3.060,"2,554",0.00,0,3.300,0.000,0.00,0,0.00,3.790,2.790,0,2023-03-15 16:21:26.406709+00:00
